ID,City,Country,Time,Latitude,Longitude,Max Temp,Humidity,Cloudiness,Wind Speed,Description,Rain,Snow
0,Garoowe,SO,2020-11-05 13:21:54,8.41,48.48,86.65,22,0,2.53,clear sky,0.0,0.0
1,Vendas Novas,PT,2020-11-05 13:21:54,38.68,-8.46,63.0,59,20,14.99,few clouds,0.0,0.0
2,Butaritari,KI,2020-11-05 13:21:55,3.07,172.79,81.27,80,98,8.68,light rain,0.17,0.0
3,Makakilo City,US,2020-11-05 13:21:55,21.35,-158.09,77.0,94,90,3.36,overcast clouds,0.0,0.0
4,Cap Malheureux,MU,2020-11-05 13:21:55,-19.98,57.61,75.99,66,21,8.99,few clouds,0.0,0.0
5,Katsuura,JP,2020-11-05 13:23:34,35.13,140.3,57.2,82,75,3.36,broken clouds,0.0,0.0
6,Puerto Ayora,EC,2020-11-05 13:23:34,-0.74,-90.35,70.0,80,99,8.99,overcast clouds,0.0,0.0
7,Yellowknife,CA,2020-11-05 13:21:56,62.46,-114.35,9.0,84,90,13.87,light snow,0.0,0.0
8,Khatanga,RU,2020-11-05 13:23:35,71.97,102.5,-8.57,90,1,5.23,clear sky,0.0,0.0
9,Jamestown,US,2020-11-05 13:21:52,42.1,-79.24,52.0,61,1,10.29,clear sky,0.0,0.0
10,Beringovskiy,RU,2020-11-05 13:23:17,63.05,179.32,38.53,83,80,18.03,broken clouds,0.0,0.0
11,Juba,SS,2020-11-05 13:23:17,4.85,31.58,94.93,34,67,5.44,broken clouds,0.0,0.0
12,Kavieng,PG,2020-11-05 13:21:57,-2.57,150.8,81.9,68,100,6.82,overcast clouds,0.0,0.0
13,Rikitea,PF,2020-11-05 13:23:17,-23.12,-134.97,73.67,67,93,8.57,overcast clouds,0.0,0.0
14,Ushuaia,AR,2020-11-05 13:21:23,-54.8,-68.3,50.0,71,90,21.92,light intensity drizzle,0.0,0.0
15,Khani,GE,2020-11-05 13:21:58,41.96,42.96,71.6,60,90,9.17,overcast clouds,0.0,0.0
16,Lagoa,PT,2020-11-05 13:21:58,39.05,-27.98,61.97,72,100,21.41,light rain,0.12,0.0
17,Novy Urengoy,RU,2020-11-05 13:21:58,66.08,76.63,-3.14,92,0,2.84,clear sky,0.0,0.0
18,Longyearbyen,SJ,2020-11-05 13:21:59,78.22,15.64,35.6,74,75,13.87,shower rain,0.0,0.0
19,Sitka,US,2020-11-05 13:21:59,57.05,-135.33,37.4,69,90,18.34,overcast clouds,0.0,0.0
20,Hithadhoo,MV,2020-11-05 13:21:59,-0.6,73.08,84.85,70,63,6.73,light rain,0.18,0.0
21,Aktau,KZ,2020-11-05 13:22:00,43.65,51.2,68.0,20,0,11.18,clear sky,0.0,0.0
22,Jalu,LY,2020-11-05 13:22:00,29.03,21.55,77.58,36,0,12.88,clear sky,0.0,0.0
23,São Filipe,CV,2020-11-05 13:22:00,14.9,-24.5,77.86,71,90,3.94,overcast clouds,0.0,0.0
24,Atuona,PF,2020-11-05 13:22:00,-9.8,-139.03,78.08,79,20,23.06,light rain,0.13,0.0
25,Saint Paul Harbor,US,2020-11-05 13:22:01,57.79,-152.41,30.2,39,1,5.82,clear sky,0.0,0.0
26,San Policarpo,PH,2020-11-05 13:22:01,12.18,125.51,79.84,83,3,3.91,light rain,0.53,0.0
27,Vaini,TO,2020-11-05 13:22:01,-21.2,-175.2,73.4,83,20,10.29,few clouds,0.0,0.0
28,Ponta do Sol,PT,2020-11-05 13:22:01,32.67,-17.1,64.4,68,40,11.41,light intensity shower rain,0.0,0.0
29,Hilo,US,2020-11-05 13:20:56,19.73,-155.09,71.6,78,40,4.7,scattered clouds,0.0,0.0
30,Joshīmath,IN,2020-11-05 13:19:08,30.57,79.57,47.34,49,12,3.65,few clouds,0.0,0.0
31,Saint-Pierre,RE,2020-11-05 13:20:57,-21.34,55.48,78.01,61,20,18.34,few clouds,0.0,0.0
32,Luau,AO,2020-11-05 13:22:02,-10.71,22.22,88.09,46,16,2.33,few clouds,0.0,0.0
33,California City,US,2020-11-05 13:22:03,35.13,-117.99,61.0,30,20,9.17,few clouds,0.0,0.0
34,Albany,US,2020-11-05 13:17:11,42.6,-73.97,48.0,62,6,3.02,clear sky,0.0,0.0
35,Pacific Grove,US,2020-11-05 13:22:03,36.62,-121.92,51.8,71,1,8.99,clear sky,0.0,0.0
36,Busselton,AU,2020-11-05 13:17:46,-33.65,115.33,69.01,33,26,13.82,scattered clouds,0.0,0.0
37,Rivadavia,AR,2020-11-05 13:17:36,-33.19,-68.46,68.0,20,0,17.22,clear sky,0.0,0.0
38,Taltal,CL,2020-11-05 13:22:04,-25.4,-70.48,65.21,56,0,5.12,clear sky,0.0,0.0
39,Gouyave,GD,2020-11-05 13:22:04,12.16,-61.73,84.2,74,20,13.87,few clouds,0.0,0.0
40,Alta Floresta,BR,2020-11-05 13:19:07,-9.88,-56.09,89.31,49,95,4.76,overcast clouds,0.0,0.0
41,Dikson,RU,2020-11-05 13:22:04,73.51,80.55,1.04,91,0,3.65,clear sky,0.0,0.0
42,Punta Arenas,CL,2020-11-05 13:22:04,-53.15,-70.92,51.8,71,75,16.11,broken clouds,0.0,0.0
43,Hermanus,ZA,2020-11-05 13:19:37,-34.42,19.23,71.01,74,51,3.0,broken clouds,0.0,0.0
44,East London,ZA,2020-11-05 13:22:05,-33.02,27.91,75.2,83,40,11.41,scattered clouds,0.0,0.0
45,Shangrao,CN,2020-11-05 13:22:06,28.45,117.97,59.81,73,0,3.6,clear sky,0.0,0.0
46,Kruisfontein,ZA,2020-11-05 13:22:06,-34.0,24.73,73.67,66,100,11.36,overcast clouds,0.0,0.0
47,Ust'-Ishim,RU,2020-11-05 13:22:06,57.69,71.17,32.59,97,91,4.68,overcast clouds,0.0,0.0
48,Hobart,AU,2020-11-05 13:18:39,-42.88,147.33,53.6,58,40,11.41,scattered clouds,0.0,0.0
49,Thompson,CA,2020-11-05 13:22:06,55.74,-97.86,3.2,84,75,4.7,broken clouds,0.0,0.0
50,Bluff,NZ,2020-11-05 13:22:07,-46.6,168.33,44.01,92,100,3.87,light rain,0.18,0.0
51,Ipixuna,BR,2020-11-05 13:22:07,-1.76,-48.8,84.2,74,75,10.29,broken clouds,0.0,0.0
52,Hato Mayor,DO,2020-11-05 13:22:07,18.76,-69.26,80.6,88,20,4.7,few clouds,0.0,0.0
53,Saint-Philippe,RE,2020-11-05 13:22:07,-21.36,55.77,78.01,61,20,18.34,few clouds,0.0,0.0
54,Port Alfred,ZA,2020-11-05 13:22:08,-33.59,26.89,77.45,69,57,12.75,light rain,0.4,0.0
55,Flinders,AU,2020-11-05 13:20:42,-34.58,150.86,57.0,84,96,7.0,light rain,0.13,0.0
56,Mataura,NZ,2020-11-05 13:22:08,-46.19,168.86,44.01,92,100,3.0,moderate rain,1.02,0.0
57,Payson,US,2020-11-05 13:22:08,40.04,-111.73,46.0,80,1,3.29,clear sky,0.0,0.0
58,Acajutla,SV,2020-11-05 13:17:53,13.59,-89.83,66.0,100,100,6.96,light rain,0.53,0.0
59,Hobyo,SO,2020-11-05 13:22:09,5.35,48.53,81.84,73,12,13.33,few clouds,0.0,0.0
60,Kapaa,US,2020-11-05 13:22:09,22.08,-159.32,71.6,100,20,9.17,few clouds,0.0,0.0
61,Havøysund,NO,2020-11-05 13:22:09,71.0,24.66,39.2,93,75,12.75,broken clouds,0.0,0.0
62,Half Moon Bay,US,2020-11-05 13:22:09,37.46,-122.43,59.0,100,90,5.61,fog,0.0,0.0
63,Warrensburg,US,2020-11-05 13:17:36,38.76,-93.74,50.0,71,1,4.7,clear sky,0.0,0.0
64,Necochea,AR,2020-11-05 13:19:13,-38.55,-58.74,68.0,57,20,18.01,light rain,0.18,0.0
65,Chui,UY,2020-11-05 13:22:10,-33.7,-53.46,67.41,63,3,12.33,clear sky,0.0,0.0
66,Tilichiki,RU,2020-11-05 13:22:10,60.47,166.1,27.82,96,100,16.87,overcast clouds,0.0,0.0
67,Selma,US,2020-11-05 13:22:10,36.57,-119.61,53.6,81,75,6.93,broken clouds,0.0,0.0
68,Te Anau,NZ,2020-11-05 13:22:12,-45.42,167.72,47.26,92,100,3.67,moderate rain,1.28,0.0
69,Zhangjiakou,CN,2020-11-05 13:22:12,40.81,114.88,46.22,49,100,2.95,overcast clouds,0.0,0.0
70,Phichit,TH,2020-11-05 13:22:12,16.25,100.42,80.6,78,0,2.24,clear sky,0.0,0.0
71,Madarounfa,NE,2020-11-05 13:22:12,13.31,7.16,95.0,17,73,9.17,dust,0.0,0.0
72,Fairbanks,US,2020-11-05 13:17:26,64.84,-147.72,-9.0,68,75,2.17,light snow,0.0,0.0
73,Torbay,CA,2020-11-05 13:22:13,47.67,-52.73,35.01,84,40,16.11,scattered clouds,0.0,0.0
74,Raudeberg,NO,2020-11-05 13:22:13,61.99,5.14,53.6,93,90,16.11,light intensity drizzle rain,0.13,0.0
75,Bilibino,RU,2020-11-05 13:22:13,68.05,166.44,11.3,92,100,7.92,overcast clouds,0.0,0.0
76,Thinadhoo,MV,2020-11-05 13:22:14,0.53,72.93,84.63,66,19,4.81,few clouds,0.0,0.0
77,Qaanaaq,GL,2020-11-05 13:22:14,77.48,-69.36,-1.68,88,100,0.92,overcast clouds,0.0,0.0
78,Waingapu,ID,2020-11-05 13:22:14,-9.66,120.26,82.08,71,100,1.61,overcast clouds,0.0,0.0
79,Tomatlán,MX,2020-11-05 13:22:14,19.93,-105.25,68.99,63,0,3.02,clear sky,0.0,0.0
80,Avarua,CK,2020-11-05 13:22:05,-21.21,-159.78,71.6,88,100,8.05,light rain,0.0,0.0
81,Jumla,NP,2020-11-05 13:22:15,29.27,82.18,41.77,64,0,3.91,clear sky,0.0,0.0
82,Lázaro Cárdenas,MX,2020-11-05 13:18:21,17.96,-102.2,74.12,73,98,5.28,overcast clouds,0.0,0.0
83,Brufut,GM,2020-11-05 13:22:15,13.38,-16.75,89.6,66,75,5.82,broken clouds,0.0,0.0
84,Naze,JP,2020-11-05 13:22:16,28.37,129.48,75.2,69,75,14.99,light rain,0.23,0.0
85,Cockburn Town,TC,2020-11-05 13:18:04,21.46,-71.14,80.71,77,100,21.59,light rain,0.43,0.0
86,Grand Gaube,MU,2020-11-05 13:22:16,-20.01,57.66,75.99,66,17,8.99,few clouds,0.0,0.0
87,Zhigansk,RU,2020-11-05 13:22:16,66.77,123.37,-0.81,92,94,6.22,overcast clouds,0.0,0.0
88,Nikolskoye,RU,2020-11-05 13:22:17,59.7,30.79,46.99,75,75,17.9,broken clouds,0.0,0.0
89,Yatou,CN,2020-11-05 13:22:17,37.15,122.38,57.81,68,100,13.96,overcast clouds,0.0,0.0
90,Upernavik,GL,2020-11-05 13:22:17,72.79,-56.15,12.52,93,89,3.76,overcast clouds,0.0,0.0
91,Changli,CN,2020-11-05 13:22:17,39.7,119.15,52.5,59,100,4.45,overcast clouds,0.0,0.0
92,Tura,IN,2020-11-05 13:22:17,25.52,90.22,62.28,62,0,1.95,clear sky,0.0,0.0
93,Codrington,AU,2020-11-05 13:22:18,-38.27,141.97,51.82,69,100,6.31,overcast clouds,0.0,0.0
94,Cape Town,ZA,2020-11-05 13:17:58,-33.93,18.42,75.0,64,40,19.46,scattered clouds,0.0,0.0
95,Evensk,RU,2020-11-05 13:22:18,61.95,159.23,5.14,86,94,13.47,overcast clouds,0.0,0.0
96,Okha,RU,2020-11-05 13:22:18,53.57,142.95,29.05,92,100,24.45,overcast clouds,0.0,0.0
97,Tautira,PF,2020-11-05 13:22:19,-17.73,-149.15,78.8,74,75,12.75,broken clouds,0.0,0.0
98,Saint Lawrence,MT,2020-11-05 13:22:19,36.06,14.2,70.0,77,40,3.36,scattered clouds,0.0,0.0
99,Kerema,PG,2020-11-05 13:22:19,-7.96,145.78,78.96,85,100,3.49,moderate rain,2.734,0.0
100,Point Pleasant,US,2020-11-05 13:22:19,40.08,-74.07,53.01,100,90,3.36,fog,0.0,0.0
101,Iqaluit,CA,2020-11-05 13:19:23,63.75,-68.51,12.2,66,75,8.05,broken clouds,0.0,0.0
102,Aranda de Duero,ES,2020-11-05 13:22:20,41.67,-3.69,56.53,60,100,23.0,overcast clouds,0.0,0.0
103,Lumut,MY,2020-11-05 13:22:20,4.23,100.63,82.4,83,40,2.24,scattered clouds,0.0,0.0
104,Mar del Plata,AR,2020-11-05 13:21:22,-38.0,-57.56,62.6,63,0,18.34,clear sky,0.0,0.0
105,Provideniya,RU,2020-11-05 13:22:20,64.38,-173.3,35.83,95,100,26.49,light rain,0.62,0.0
106,Aljezur,PT,2020-11-05 13:22:21,37.32,-8.8,63.95,63,100,9.93,overcast clouds,0.0,0.0
107,Cayenne,GF,2020-11-05 13:22:21,4.93,-52.33,82.4,83,75,3.36,broken clouds,0.0,0.0
108,Barrow,US,2020-11-05 13:22:21,71.29,-156.79,10.4,85,90,12.75,overcast clouds,0.0,0.0
109,Faya,SA,2020-11-05 13:22:21,18.39,42.45,69.8,60,40,9.17,scattered clouds,0.0,0.0
110,Barra de Tecoanapa,MX,2020-11-05 13:22:21,16.52,-98.75,72.52,58,100,4.41,overcast clouds,0.0,0.0
111,Sayyan,YE,2020-11-05 13:22:22,15.17,44.32,69.75,21,0,2.73,clear sky,0.0,0.0
112,Collie,AU,2020-11-05 13:22:22,-33.37,116.15,69.01,33,21,12.12,few clouds,0.0,0.0
113,Hualmay,PE,2020-11-05 13:22:22,-11.1,-77.61,64.42,74,57,7.96,broken clouds,0.0,0.0
114,Leningradskiy,RU,2020-11-05 13:22:23,69.38,178.42,16.63,96,100,6.64,overcast clouds,0.0,0.0
115,George Town,MY,2020-11-05 13:18:29,5.41,100.34,82.4,83,20,2.24,few clouds,0.0,0.0
116,Mahébourg,MU,2020-11-05 13:22:23,-20.41,57.7,77.0,61,40,9.17,scattered clouds,0.0,0.0
117,Bambanglipuro,ID,2020-11-05 13:27:45,-7.95,110.28,79.52,86,100,8.08,moderate rain,2.5,0.0
118,Philadelphia,US,2020-11-05 13:25:55,39.95,-75.16,53.01,100,40,5.99,fog,0.0,0.0
119,Farah,AF,2020-11-05 13:27:45,32.5,62.5,52.21,34,0,1.28,clear sky,0.0,0.0
120,Kisanga,TZ,2020-11-05 13:27:45,-7.44,37.7,90.63,36,4,4.85,clear sky,0.0,0.0
121,Eyl,SO,2020-11-05 13:27:46,7.98,49.82,80.42,56,0,16.11,clear sky,0.0,0.0
122,Ostrovnoy,RU,2020-11-05 13:27:46,68.05,39.51,37.4,82,100,17.98,overcast clouds,0.0,0.0
123,Saint George,US,2020-11-05 13:26:06,37.1,-113.58,51.8,34,1,2.84,clear sky,0.0,0.0
124,Glendive,US,2020-11-05 13:27:46,47.11,-104.71,41.0,80,1,6.93,clear sky,0.0,0.0
125,Río Tercero,AR,2020-11-05 13:27:46,-32.17,-64.11,71.01,22,0,8.01,clear sky,0.0,0.0
126,Bouillante,GP,2020-11-05 13:27:47,16.13,-61.77,82.4,74,20,5.82,few clouds,0.0,0.0
127,Nanortalik,GL,2020-11-05 13:27:47,60.14,-45.24,30.38,90,0,45.23,clear sky,0.0,0.0
128,Ancud,CL,2020-11-05 13:27:47,-41.87,-73.82,55.0,87,75,6.93,broken clouds,0.0,0.0
129,Tuktoyaktuk,CA,2020-11-05 13:27:47,69.45,-133.04,2.43,89,99,14.29,overcast clouds,0.0,0.0
130,Rawson,AR,2020-11-05 13:27:47,-43.3,-65.1,62.2,34,0,23.38,clear sky,0.0,0.0
131,Kastamonu Province,TR,2020-11-05 13:27:48,41.5,33.67,50.0,87,90,8.05,overcast clouds,0.0,0.0
132,Sambava,MG,2020-11-05 13:27:48,-14.27,50.17,79.79,72,100,13.18,overcast clouds,0.0,0.0
133,Labuhan,ID,2020-11-05 13:27:48,-6.88,112.21,82.42,74,98,1.95,overcast clouds,0.0,0.0
134,Māngrol,IN,2020-11-05 13:27:48,21.12,70.12,81.88,58,0,4.88,clear sky,0.0,0.0
135,Lavrentiya,RU,2020-11-05 13:27:48,65.58,-171.0,34.63,95,100,33.22,overcast clouds,0.0,0.0
136,Quatre Cocos,MU,2020-11-05 13:27:49,-20.21,57.76,77.0,61,40,9.17,scattered clouds,0.0,0.0
137,San Andrés,CO,2020-11-05 13:27:49,12.58,-81.7,77.0,100,75,2.24,broken clouds,0.0,0.0
138,Tuatapere,NZ,2020-11-05 13:27:49,-46.13,167.68,44.01,92,100,3.56,moderate rain,1.05,0.0
139,Issenye,TZ,2020-11-05 13:27:08,-2.0,34.33,82.74,42,69,3.38,broken clouds,0.0,0.0
140,Mount Isa,AU,2020-11-05 13:27:50,-20.73,139.5,87.8,19,0,18.34,clear sky,0.0,0.0
141,Hailar,CN,2020-11-05 13:27:50,49.2,119.7,25.12,98,100,6.71,overcast clouds,0.0,0.0
142,Severo-Kuril'sk,RU,2020-11-05 13:27:50,50.68,156.12,35.85,84,92,31.34,overcast clouds,0.0,0.0
143,Tasiilaq,GL,2020-11-05 13:27:50,65.61,-37.64,26.6,92,90,13.87,light snow,0.0,0.0
144,Mabaruma,GY,2020-11-05 13:27:50,8.2,-59.78,80.28,93,88,5.19,moderate rain,3.19,0.0
145,Baillif,GP,2020-11-05 13:27:51,16.02,-61.75,82.4,74,20,5.82,few clouds,0.0,0.0
146,Castro,BR,2020-11-05 13:24:04,-24.79,-50.01,55.83,79,100,5.61,overcast clouds,0.0,0.0
147,Pevek,RU,2020-11-05 13:27:51,69.7,170.31,19.56,94,100,10.31,overcast clouds,0.0,0.0
148,Fukuechō,JP,2020-11-05 13:27:51,32.69,128.84,64.35,43,26,5.21,scattered clouds,0.0,0.0
149,Katangli,RU,2020-11-05 13:27:51,51.71,143.23,26.4,83,100,13.27,overcast clouds,0.0,0.0
150,Port Elizabeth,ZA,2020-11-05 13:27:28,-33.92,25.57,71.6,88,40,3.36,light rain,0.0,0.0
151,Les Cayes,HT,2020-11-05 13:27:52,18.2,-73.75,79.21,79,92,2.17,overcast clouds,0.0,0.0
152,Gamba,GA,2020-11-05 13:27:52,-2.65,10.0,79.59,82,97,5.59,light rain,0.38,0.0
153,Igarka,RU,2020-11-05 13:27:52,67.47,86.58,-0.99,86,99,3.87,overcast clouds,0.0,0.0
154,Arraial do Cabo,BR,2020-11-05 13:27:53,-22.97,-42.03,75.2,73,40,10.29,scattered clouds,0.0,0.0
155,Marzuq,YE,2020-11-05 13:27:53,14.4,46.47,81.45,14,0,5.68,clear sky,0.0,0.0
156,Castlemaine,AU,2020-11-05 13:27:53,-37.07,144.22,48.0,41,0,6.04,clear sky,0.0,0.0
157,Maniitsoq,GL,2020-11-05 13:27:53,65.42,-52.9,23.99,87,63,22.95,broken clouds,0.0,0.0
158,Makkah al Mukarramah,SA,2020-11-05 13:27:54,21.43,39.83,89.94,33,10,14.52,clear sky,0.0,0.0
159,Ambovombe,MG,2020-11-05 13:27:54,-25.17,46.08,79.32,65,97,10.36,overcast clouds,0.0,0.0
160,Cascavel,BR,2020-11-05 13:26:48,-24.96,-53.46,77.0,56,0,16.11,clear sky,0.0,0.0
161,Mwingi,KE,2020-11-05 13:27:54,-0.93,38.06,81.79,47,88,9.37,overcast clouds,0.0,0.0
162,Yulara,AU,2020-11-05 13:27:55,-25.24,130.99,78.8,27,29,8.05,scattered clouds,0.0,0.0
163,Vilyuysk,RU,2020-11-05 13:27:55,63.76,121.62,-3.53,92,100,4.23,overcast clouds,0.0,0.0
164,Reconquista,AR,2020-11-05 13:27:55,-29.15,-59.65,68.79,44,21,12.46,few clouds,0.0,0.0
165,Karratha,AU,2020-11-05 13:25:26,-20.74,116.85,81.3,47,0,17.22,clear sky,0.0,0.0
166,Kaitangata,NZ,2020-11-05 13:27:56,-46.28,169.85,50.0,96,100,1.99,light rain,0.11,0.0
167,Zhezkazgan,KZ,2020-11-05 13:27:56,47.8,67.71,39.6,55,0,5.35,clear sky,0.0,0.0
168,Rodolfo Sánchez Taboada,MX,2020-11-05 13:27:56,31.72,-116.57,72.57,25,97,8.28,overcast clouds,0.0,0.0
169,Katherine,AU,2020-11-05 13:27:56,-14.47,132.27,93.2,32,14,5.82,few clouds,0.0,0.0
170,Scarborough,GB,2020-11-05 13:27:56,54.28,-0.4,52.0,80,23,1.01,few clouds,0.0,0.0
171,Akureyri,IS,2020-11-05 13:24:22,65.68,-18.09,51.8,62,20,29.97,few clouds,0.0,0.0
172,Ribeira Grande,PT,2020-11-05 13:27:57,38.52,-28.7,62.6,72,40,19.46,scattered clouds,0.0,0.0
173,Bredasdorp,ZA,2020-11-05 13:27:57,-34.53,20.04,73.4,69,40,5.82,scattered clouds,0.0,0.0
174,Itamaracá,BR,2020-11-05 13:27:57,-7.75,-34.83,86.0,66,40,10.29,scattered clouds,0.0,0.0
175,Oro Valley,US,2020-11-05 13:27:57,32.39,-110.97,64.0,25,1,8.05,clear sky,0.0,0.0
176,Poum,NC,2020-11-05 13:27:58,-20.23,164.02,76.75,79,93,7.61,overcast clouds,0.0,0.0
177,Blomberg,DE,2020-11-05 13:27:58,51.94,9.09,50.0,76,20,9.17,few clouds,0.0,0.0
178,Fortuna,US,2020-11-05 13:27:58,40.6,-124.16,55.0,100,90,2.91,overcast clouds,0.0,0.0
179,Kinsale,IE,2020-11-05 13:27:59,51.71,-8.53,51.01,66,20,3.36,few clouds,0.0,0.0
180,Powell River,CA,2020-11-05 13:27:59,49.85,-124.54,51.8,76,75,3.36,broken clouds,0.0,0.0
181,Purranque,CL,2020-11-05 13:27:59,-40.92,-73.17,51.8,81,75,4.7,broken clouds,0.0,0.0
182,São João da Barra,BR,2020-11-05 13:27:59,-21.64,-41.05,77.0,69,75,9.17,broken clouds,0.0,0.0
183,Tual,ID,2020-11-05 13:27:59,-5.67,132.75,83.25,77,62,11.07,broken clouds,0.0,0.0
184,Shumskiy,RU,2020-11-05 13:28:00,54.83,99.13,29.77,91,100,8.43,overcast clouds,0.0,0.0
185,Businga,CD,2020-11-05 13:28:00,3.33,20.88,81.34,89,100,3.49,moderate rain,1.95,0.0
186,Lebu,CL,2020-11-05 13:28:00,-37.62,-73.65,53.73,74,0,15.14,clear sky,0.0,0.0
187,Bermejillo,MX,2020-11-05 13:28:00,25.88,-103.62,55.4,43,5,2.98,clear sky,0.0,0.0
188,Mossamedes,AO,2020-11-05 13:28:00,-15.2,12.15,80.6,65,0,11.41,clear sky,0.0,0.0
189,Bibiani,GH,2020-11-05 13:28:01,6.46,-2.32,93.51,43,91,2.98,overcast clouds,0.0,0.0
190,New Norfolk,AU,2020-11-05 13:28:01,-42.78,147.06,53.6,58,90,9.17,overcast clouds,0.0,0.0
191,Caravelas,BR,2020-11-05 13:28:01,-17.71,-39.25,72.55,94,100,4.92,light rain,0.39,0.0
192,Chokurdakh,RU,2020-11-05 13:28:01,70.63,147.92,-0.45,94,99,8.86,overcast clouds,0.0,0.0
193,San Martín,AR,2020-11-05 13:28:02,-33.08,-68.47,68.0,20,0,17.22,clear sky,0.0,0.0
194,Faanui,PF,2020-11-05 13:28:02,-16.48,-151.75,78.8,83,69,11.59,broken clouds,0.0,0.0
195,Clyde River,CA,2020-11-05 13:28:02,70.47,-68.59,-0.4,64,75,21.92,broken clouds,0.0,0.0
196,Bungu,TZ,2020-11-05 13:28:02,-7.63,39.06,82.98,56,66,9.71,broken clouds,0.0,0.0
197,Kumul,CN,2020-11-05 13:28:02,42.8,93.45,39.31,57,0,6.58,clear sky,0.0,0.0
198,Ongandjera,NA,2020-11-05 13:28:03,-17.88,15.07,93.9,14,28,8.88,scattered clouds,0.0,0.0
199,Talnakh,RU,2020-11-05 13:28:03,69.49,88.4,1.4,84,0,2.24,clear sky,0.0,0.0
200,Morro Bay,US,2020-11-05 13:27:18,35.37,-120.85,71.6,34,1,6.93,clear sky,0.0,0.0
201,Kumluca,TR,2020-11-05 13:28:03,36.37,30.29,73.47,41,67,2.77,broken clouds,0.0,0.0
202,Port Augusta,AU,2020-11-05 13:28:03,-32.5,137.77,57.2,67,99,11.41,overcast clouds,0.0,0.0
203,Mandan,US,2020-11-05 13:24:05,46.83,-100.89,39.2,93,1,8.05,clear sky,0.0,0.0
204,San Fernando,PH,2020-11-05 13:28:04,15.03,120.69,82.4,83,75,2.24,broken clouds,0.0,0.0
205,Sioux Lookout,CA,2020-11-05 13:27:07,50.1,-91.92,30.2,92,20,4.72,few clouds,0.0,0.0
206,Narsaq,GL,2020-11-05 13:28:04,60.92,-46.05,24.8,58,20,16.11,few clouds,0.0,0.0
207,Karpogory,RU,2020-11-05 13:28:05,64.0,44.45,39.76,76,100,9.01,overcast clouds,0.0,0.0
208,Gigmoto,PH,2020-11-05 13:28:05,13.78,124.39,79.18,82,100,4.16,overcast clouds,0.0,0.0
209,Novoye Leushino,RU,2020-11-05 13:28:05,56.81,40.51,45.34,74,100,8.43,light rain,0.2248,0.0
210,Cidreira,BR,2020-11-05 13:28:05,-30.18,-50.21,64.2,79,90,14.67,light rain,0.58,0.0
211,Ilo,PE,2020-11-05 13:28:05,-17.64,-71.34,64.4,82,0,8.05,clear sky,0.0,0.0
212,Esperance,AU,2020-11-05 13:28:06,-33.87,121.9,55.4,76,85,17.22,overcast clouds,0.0,0.0
213,Povenets,RU,2020-11-05 13:28:06,62.85,34.83,41.49,80,100,18.03,moderate rain,2.368,0.0
214,Coquimbo,CL,2020-11-05 13:24:40,-29.95,-71.34,60.8,72,0,4.7,clear sky,0.0,0.0
215,Shakawe,BW,2020-11-05 13:28:06,-18.37,21.85,94.96,21,68,8.95,broken clouds,0.0,0.0
216,Pangnirtung,CA,2020-11-05 13:28:06,66.15,-65.71,12.2,47,20,4.7,few clouds,0.0,0.0
217,Aripuanã,BR,2020-11-05 13:28:07,-9.17,-60.63,91.89,47,69,2.39,broken clouds,0.0,0.0
218,Richards Bay,ZA,2020-11-05 13:27:55,-28.78,32.04,86.11,60,89,16.26,light rain,0.24,0.0
219,Comodoro Rivadavia,AR,2020-11-05 13:28:07,-45.87,-67.5,59.0,41,0,19.46,clear sky,0.0,0.0
220,Taunggyi,MM,2020-11-05 13:28:07,20.78,97.03,61.77,99,0,0.74,clear sky,0.0,0.0
221,Atar,MR,2020-11-05 13:28:07,20.52,-13.05,96.1,11,96,11.36,overcast clouds,0.0,0.0
222,Sorong,ID,2020-11-05 13:23:23,-0.88,131.25,80.58,82,3,6.69,light rain,0.18,0.0
223,Souillac,MU,2020-11-05 13:28:08,-20.52,57.52,77.0,61,40,9.17,scattered clouds,0.0,0.0
224,Adrar,MR,2020-11-05 13:28:08,20.5,-10.07,93.65,11,6,13.42,clear sky,0.0,0.0
225,Ligayan,PH,2020-11-05 13:28:08,4.65,119.47,84.25,68,3,4.21,clear sky,0.0,0.0
226,Santa Maria da Vitória,BR,2020-11-05 13:23:24,-13.39,-44.19,70.32,93,100,4.03,moderate rain,1.06,0.0
227,Kahului,US,2020-11-05 13:28:09,20.89,-156.47,75.2,73,1,4.7,clear sky,0.0,0.0
228,La Santisima Trinidad,BO,2020-11-05 13:28:09,-14.83,-64.9,82.4,69,100,2.98,smoke,0.0,0.0
229,Vao,NC,2020-11-05 13:28:09,-22.67,167.48,73.81,85,3,10.58,clear sky,0.0,0.0
230,Carnarvon,AU,2020-11-05 13:28:09,-24.87,113.63,71.6,94,40,16.11,scattered clouds,0.0,0.0
231,Bethel,US,2020-11-05 13:28:10,41.37,-73.41,52.0,87,1,6.93,clear sky,0.0,0.0
232,Tiksi,RU,2020-11-05 13:28:10,71.69,128.87,7.81,95,100,5.53,overcast clouds,0.0,0.0
233,Provincia di Campobasso,IT,2020-11-05 13:28:10,41.63,14.58,64.0,81,100,5.68,overcast clouds,0.0,0.0
234,Norman Wells,CA,2020-11-05 13:28:10,65.28,-126.83,-4.0,76,75,3.36,light snow,0.0,0.0
235,Ulladulla,AU,2020-11-05 13:28:10,-35.35,150.47,54.0,87,40,14.99,scattered clouds,0.0,0.0
236,Henties Bay,NA,2020-11-05 13:28:10,-22.12,14.28,66.0,79,19,5.99,few clouds,0.0,0.0
237,Tekeli,KZ,2020-11-05 13:28:11,44.83,78.82,42.89,52,98,5.17,overcast clouds,0.0,0.0
238,Nome,US,2020-11-05 13:28:11,64.5,-165.41,30.2,86,90,39.15,snow,0.0,0.25
239,Waipawa,NZ,2020-11-05 13:28:11,-41.41,175.52,59.0,100,100,4.7,moderate rain,2.49,0.0
240,Muisne,EC,2020-11-05 13:28:11,0.6,-80.03,73.85,81,100,9.71,overcast clouds,0.0,0.0
241,Cherskiy,RU,2020-11-05 13:28:11,68.75,161.3,17.53,95,100,10.78,light snow,0.0,0.11
242,Kidal,ML,2020-11-05 13:28:12,18.44,1.41,93.69,14,43,9.04,scattered clouds,0.0,0.0
243,Alofi,NU,2020-11-05 13:28:12,-19.06,-169.92,73.4,83,10,10.29,clear sky,0.0,0.0
244,Chiapa,MX,2020-11-05 13:28:12,18.47,-96.94,56.17,85,97,1.12,overcast clouds,0.0,0.0
245,Belmonte,BR,2020-11-05 13:28:12,-15.86,-38.88,73.4,88,90,6.93,overcast clouds,0.0,0.0
246,Port Hedland,AU,2020-11-05 13:28:13,-20.32,118.57,84.2,58,1,12.75,clear sky,0.0,0.0
247,Mitú,CO,2020-11-05 13:28:13,1.2,-70.17,76.75,89,83,4.03,broken clouds,0.0,0.0
248,Constitución,CL,2020-11-05 13:28:13,-35.33,-72.42,56.89,48,0,11.7,clear sky,0.0,0.0
249,Dutlwe,BW,2020-11-05 13:28:13,-23.98,23.9,89.92,25,63,18.28,broken clouds,0.0,0.0
250,Marystown,CA,2020-11-05 13:28:13,47.17,-55.15,37.0,100,13,7.72,few clouds,0.0,0.0
251,Ilulissat,GL,2020-11-05 13:28:14,69.22,-51.1,15.8,61,40,10.29,scattered clouds,0.0,0.0
252,Mayo,US,2020-11-05 13:25:34,38.89,-76.51,55.0,87,1,8.52,clear sky,0.0,0.0
253,Asău,RO,2020-11-05 13:28:14,46.43,26.4,48.0,93,100,3.13,overcast clouds,0.0,0.0
254,Nobeoka,JP,2020-11-05 13:28:14,32.58,131.67,46.99,67,4,4.59,clear sky,0.0,0.0
255,Weihai,CN,2020-11-05 13:28:14,37.5,122.11,58.37,70,100,9.33,light rain,0.1822,0.0
256,Shintomi,JP,2020-11-05 13:28:15,32.08,131.47,55.4,87,20,9.17,few clouds,0.0,0.0
257,Igbo-Ora,NG,2020-11-05 13:28:15,7.43,3.28,93.69,46,21,3.4,few clouds,0.0,0.0
258,Abadan,TM,2020-11-05 13:28:15,38.05,58.21,68.0,15,20,4.7,few clouds,0.0,0.0
259,Itaqui,BR,2020-11-05 13:27:06,-29.13,-56.55,65.57,56,100,16.42,overcast clouds,0.0,0.0
260,Niamey,NE,2020-11-05 13:28:16,13.51,2.11,100.4,9,0,14.99,clear sky,0.0,0.0
261,Muskogee,US,2020-11-05 13:23:26,35.58,-95.33,53.6,81,1,6.93,clear sky,0.0,0.0
262,Mulegé,MX,2020-11-05 13:28:16,26.88,-111.98,72.63,44,44,5.64,scattered clouds,0.0,0.0
263,Barra Patuca,HN,2020-11-05 13:28:16,15.8,-84.28,76.24,89,100,4.7,overcast clouds,0.0,0.0
264,Russellville,US,2020-11-05 13:28:16,35.28,-93.13,45.0,93,1,2.21,clear sky,0.0,0.0
265,Chicama,PE,2020-11-05 13:28:17,-7.84,-79.15,60.8,87,90,9.17,mist,0.0,0.0
266,Mahibadhoo,MV,2020-11-05 13:28:17,3.78,72.97,83.52,72,12,6.29,few clouds,0.0,0.0
267,Mahina,PF,2020-11-05 13:28:17,-17.51,-149.49,78.8,74,75,12.75,broken clouds,0.0,0.0
268,Lang Son,VN,2020-11-05 13:27:43,21.83,106.73,70.02,78,100,1.79,overcast clouds,0.0,0.0
269,Taoudenni,ML,2020-11-05 13:28:18,22.68,-3.98,98.78,9,0,12.44,clear sky,0.0,0.0
270,Hong Kong,HK,2020-11-05 13:25:24,22.29,114.16,73.0,77,0,5.01,clear sky,0.0,0.0
271,Husavik,IS,2020-11-05 13:28:18,66.04,-17.34,51.8,62,20,29.97,few clouds,0.0,0.0
272,Itarema,BR,2020-11-05 13:28:18,-2.92,-39.92,86.68,58,36,17.07,scattered clouds,0.0,0.0
273,Kirensk,RU,2020-11-05 13:28:18,57.79,108.11,24.78,95,100,10.47,overcast clouds,0.0,0.0
274,Saskylakh,RU,2020-11-05 13:28:19,71.92,114.08,-3.84,91,100,5.3,overcast clouds,0.0,0.0
275,Øksfjord,NO,2020-11-05 13:28:19,70.24,22.35,41.0,80,40,21.92,shower rain,0.34,0.0
276,Adolfo López Mateos,MX,2020-11-05 13:28:19,28.47,-107.3,43.0,56,39,3.0,scattered clouds,0.0,0.0
277,Jinka,ET,2020-11-05 13:28:19,5.65,36.65,78.71,55,28,1.63,scattered clouds,0.0,0.0
278,Salta,AR,2020-11-05 13:26:16,-24.79,-65.41,75.2,33,0,9.17,clear sky,0.0,0.0
279,Lüderitz,NA,2020-11-05 13:28:20,-26.65,15.16,68.49,62,2,16.24,clear sky,0.0,0.0
280,Jiangyou,CN,2020-11-05 13:28:20,31.77,104.72,60.19,54,89,1.41,overcast clouds,0.0,0.0
281,Margate,GB,2020-11-05 13:28:20,51.38,1.39,53.01,70,0,1.01,clear sky,0.0,0.0
282,Bengkulu,ID,2020-11-05 13:28:20,-3.8,102.27,78.6,88,100,4.03,heavy intensity rain,7.6754,0.0
283,Dicabisagan,PH,2020-11-05 13:28:21,17.08,122.42,77.22,82,98,3.65,overcast clouds,0.0,0.0
284,Sabha,LY,2020-11-05 13:28:21,27.04,14.43,80.06,20,0,5.53,clear sky,0.0,0.0
285,Ketchikan,US,2020-11-05 13:28:21,55.34,-131.65,42.8,87,90,10.29,overcast clouds,0.0,0.0
286,Balkhash,KZ,2020-11-05 13:28:21,46.84,74.98,37.08,69,90,3.67,overcast clouds,0.0,0.0
287,Port Keats,AU,2020-11-05 13:28:21,-14.25,129.55,84.16,72,100,6.67,overcast clouds,0.0,0.0
288,Lorengau,PG,2020-11-05 13:28:22,-2.02,147.27,80.1,83,100,6.24,moderate rain,1.7854,0.0
289,Lewisporte,CA,2020-11-05 13:28:22,49.25,-55.05,30.99,79,20,10.29,few clouds,0.0,0.0
290,Airai,TL,2020-11-05 13:28:22,-8.93,125.41,64.96,74,71,1.19,broken clouds,0.0,0.0
291,Shelburne,CA,2020-11-05 13:28:22,44.08,-80.2,52.0,65,100,15.14,overcast clouds,0.0,0.0
292,Voyvozh,RU,2020-11-05 13:28:23,62.89,54.96,37.13,97,100,9.6,light rain,0.15,0.0
293,Kununurra,AU,2020-11-05 13:28:23,-15.77,128.73,84.2,58,94,6.93,overcast clouds,0.0,0.0
294,Letlhakane,BW,2020-11-05 13:28:23,-21.42,25.58,90.77,29,94,10.38,overcast clouds,0.0,0.0
295,Urengoy,RU,2020-11-05 13:28:24,65.97,78.37,-3.37,91,0,3.49,clear sky,0.0,0.0
296,Grand-Lahou,CI,2020-11-05 13:28:24,5.14,-5.02,85.19,66,98,5.21,overcast clouds,0.0,0.0
297,Muzhi,RU,2020-11-05 13:28:24,65.37,64.67,32.09,97,100,7.31,overcast clouds,0.0,0.0
298,Kabinda,CD,2020-11-05 13:28:24,-6.13,24.48,84.0,65,100,2.89,light rain,0.75,0.0
299,Mâncio Lima,BR,2020-11-05 13:28:25,-7.61,-72.9,85.73,57,100,0.76,overcast clouds,0.0,0.0
300,Brae,GB,2020-11-05 13:28:25,60.4,-1.35,51.8,100,90,33.33,overcast clouds,0.0,0.0
301,Emporia,US,2020-11-05 13:28:25,38.4,-96.18,46.4,81,1,4.7,clear sky,0.0,0.0
302,Nishihara,JP,2020-11-05 13:28:25,26.18,127.76,77.0,94,75,20.8,light rain,0.38,0.0
303,Chalisgaon,IN,2020-11-05 13:28:25,20.47,75.02,79.36,30,0,6.46,clear sky,0.0,0.0
304,Virtsu,EE,2020-11-05 13:28:25,58.57,23.51,51.01,71,100,15.01,overcast clouds,0.0,0.0
305,Buraidah,SA,2020-11-05 13:28:26,26.33,43.98,89.6,18,0,5.82,clear sky,0.0,0.0
306,San Patricio,US,2020-11-05 13:28:26,28.02,-97.52,66.2,100,40,4.7,fog,0.0,0.0
307,Mackay,AU,2020-11-05 13:28:26,-21.15,149.2,71.6,78,0,6.93,clear sky,0.1,0.0
308,Guerrero Negro,MX,2020-11-05 13:28:26,27.98,-114.06,67.35,64,61,3.65,broken clouds,0.0,0.0
309,Wadi Maliz,TN,2020-11-05 13:28:26,36.47,8.55,78.8,39,20,4.7,few clouds,0.0,0.0
310,Province of Mantua,IT,2020-11-05 13:28:27,45.17,10.78,66.0,76,1,1.01,clear sky,0.0,0.0
311,Sangar,RU,2020-11-05 13:28:27,63.92,127.47,1.27,93,100,3.33,overcast clouds,0.0,0.0
312,Mutoko,ZW,2020-11-05 13:28:27,-17.4,32.23,90.9,23,42,9.55,scattered clouds,0.0,0.0
313,Malé,MV,2020-11-05 13:25:00,4.17,73.51,86.0,74,20,5.82,few clouds,0.0,0.0
314,Bubaque,GW,2020-11-05 13:28:27,11.28,-15.83,84.09,70,1,7.85,clear sky,0.0,0.0
315,Louis Trichardt,ZA,2020-11-05 13:28:28,-23.04,29.9,78.62,58,100,4.61,light rain,0.57,0.0
316,Hanmer Springs,NZ,2020-11-05 13:28:28,-42.52,172.82,54.99,80,82,2.84,broken clouds,0.0,0.0
317,Hay River,CA,2020-11-05 13:28:28,60.82,-115.8,10.4,78,100,8.05,overcast clouds,0.0,0.0
318,Maizières-lès-Metz,FR,2020-11-05 13:28:28,49.21,6.16,52.0,76,0,1.01,clear sky,0.0,0.0
319,San Cristobal,VE,2020-11-05 13:28:28,7.77,-72.22,75.2,94,40,2.24,fog,0.0,0.0
320,Saltpond,GH,2020-11-05 13:28:29,5.21,-1.06,84.24,71,100,6.78,moderate rain,1.05,0.0
321,Vila Velha,BR,2020-11-05 13:23:37,-20.33,-40.29,78.8,69,40,4.7,scattered clouds,0.0,0.0
322,Praia da Vitória,PT,2020-11-05 13:28:29,38.73,-27.07,63.0,67,40,23.71,scattered clouds,0.0,0.0
323,Kautokeino,NO,2020-11-05 13:28:29,69.01,23.04,33.58,90,100,21.72,overcast clouds,0.0,0.0
324,Panjāb,AF,2020-11-05 13:28:29,34.39,67.02,33.82,61,0,2.46,clear sky,0.0,0.0
325,Ulaangom,MN,2020-11-05 13:28:30,49.98,92.07,23.47,92,0,1.34,clear sky,0.0,0.0
326,Pozo Colorado,PY,2020-11-05 13:28:30,-23.49,-58.8,82.09,31,0,6.31,clear sky,0.0,0.0
327,Biak,ID,2020-11-05 13:28:30,-0.91,122.88,79.25,78,2,1.68,clear sky,0.0,0.0
328,Kalangala,UG,2020-11-05 13:28:30,-0.31,32.23,80.6,61,20,9.17,few clouds,0.0,0.0
329,Havelock,US,2020-11-05 13:28:30,34.88,-76.9,64.0,84,70,4.79,broken clouds,0.0,0.0
330,Devonport,AU,2020-11-05 13:28:31,-41.17,146.35,48.0,78,0,11.34,clear sky,0.0,0.0
331,Goderich,CA,2020-11-05 13:28:31,43.75,-81.72,53.6,66,100,16.11,overcast clouds,0.0,0.0
332,Lingao,CN,2020-11-05 13:28:31,19.91,109.69,72.48,85,97,11.48,light rain,0.12620000000000003,0.0
333,Aksu,CN,2020-11-05 13:28:32,41.12,80.26,47.01,43,25,7.47,scattered clouds,0.0,0.0
334,Basoko,CD,2020-11-05 13:28:32,1.24,23.62,80.76,82,100,3.91,moderate rain,1.12,0.0
335,Tamale,GH,2020-11-05 13:26:41,9.4,-0.84,96.13,32,8,5.26,clear sky,0.0,0.0
336,Vardø,NO,2020-11-05 13:28:32,70.37,31.11,39.2,86,75,17.22,broken clouds,0.0,0.0
337,Broome,US,2020-11-05 13:28:33,42.25,-75.83,50.0,57,1,10.29,clear sky,0.0,0.0
338,Krasnosel'kup,RU,2020-11-05 13:28:33,65.7,82.47,-3.86,89,0,5.28,clear sky,0.0,0.0
339,Ambilobe,MG,2020-11-05 13:28:34,-13.2,49.05,85.55,54,32,6.71,scattered clouds,0.0,0.0
340,Geraldton,AU,2020-11-05 13:28:34,-28.77,114.6,69.8,77,0,16.11,clear sky,0.0,0.0
341,Belaya Gora,RU,2020-11-05 13:28:34,68.53,146.42,-10.7,90,100,9.35,overcast clouds,0.0,0.0
342,Tadine,NC,2020-11-05 13:28:34,-21.55,167.88,73.9,87,0,6.71,clear sky,0.0,0.0
343,Rasskazovo,RU,2020-11-05 13:28:35,52.67,41.9,46.71,76,75,6.62,broken clouds,0.0,0.0
344,Nador,MA,2020-11-05 13:25:12,35.17,-2.93,78.8,53,20,5.82,few clouds,0.0,0.0
345,Barcelos,PT,2020-11-05 13:28:35,41.54,-8.62,64.4,59,0,14.99,clear sky,0.0,0.0
346,Savinka,RU,2020-11-05 13:28:35,50.08,47.1,53.08,62,97,6.42,overcast clouds,0.0,0.0
347,Paamiut,GL,2020-11-05 13:28:35,61.99,-49.67,27.28,89,100,17.83,light snow,0.0,0.13
348,Arenápolis,BR,2020-11-05 13:28:36,-14.45,-56.85,90.32,39,31,3.38,scattered clouds,0.0,0.0
349,Sandūr,IN,2020-11-05 13:28:36,15.1,76.55,74.53,46,0,6.67,clear sky,0.0,0.0
350,Kupang,ID,2020-11-05 13:28:36,-10.17,123.58,81.86,74,62,5.48,broken clouds,0.0,0.0
351,Salalah,OM,2020-11-05 13:28:36,17.02,54.09,82.4,54,0,8.05,clear sky,0.0,0.0
352,Khorixas,NA,2020-11-05 13:28:37,-20.37,14.97,91.31,10,0,16.46,clear sky,0.0,0.0
353,Wanaka,NZ,2020-11-05 13:28:37,-44.7,169.15,55.99,76,100,2.77,light rain,0.2,0.0
354,Lompoc,US,2020-11-05 13:27:09,34.64,-120.46,51.8,87,1,5.82,clear sky,0.0,0.0
355,Heraclea,TR,2020-11-05 13:28:37,37.51,34.05,55.27,66,88,2.17,overcast clouds,0.0,0.0
356,Basco,PH,2020-11-05 13:28:37,20.45,121.97,80.78,81,100,32.46,overcast clouds,0.0,0.0
357,Colquiri,BO,2020-11-05 13:28:38,-17.42,-67.13,57.2,41,20,4.7,few clouds,0.0,0.0
358,Bridgton,US,2020-11-05 13:28:38,44.05,-70.71,39.0,97,0,1.99,clear sky,0.0,0.0
359,Bolobo,CD,2020-11-05 13:28:38,-2.17,16.23,82.04,73,99,7.85,light rain,0.93,0.0
360,Sobolevo,RU,2020-11-05 13:28:38,54.43,31.9,45.81,75,47,11.9,light rain,0.21900000000000003,0.0
361,Findlay,US,2020-11-05 13:26:37,41.04,-83.65,57.2,58,1,14.99,clear sky,0.0,0.0
362,Sarishābāri,BD,2020-11-05 13:28:39,24.73,89.83,76.44,47,0,5.77,clear sky,0.0,0.0
363,Amzya,RU,2020-11-05 13:28:39,56.24,54.39,35.4,93,92,6.96,overcast clouds,0.0,0.0
364,Korla,CN,2020-11-05 13:28:39,41.76,86.15,41.31,58,0,2.53,clear sky,0.0,0.0
365,Klyuchi,RU,2020-11-05 13:28:39,52.27,79.17,37.0,78,51,9.73,broken clouds,0.0,0.0
366,Tshela,CD,2020-11-05 13:28:40,-4.98,12.93,85.35,70,60,4.88,moderate rain,2.01,0.0
367,Ratholo,BW,2020-11-05 13:28:40,-22.72,27.57,75.06,71,100,5.39,heavy intensity rain,5.16,0.0
368,Amapá,BR,2020-11-05 13:28:40,1.0,-52.0,86.32,60,100,4.43,overcast clouds,0.0,0.0
369,Yangshan,CN,2020-11-05 13:28:40,28.76,115.03,60.1,69,96,1.54,light rain,0.133,0.0
370,Vanimo,PG,2020-11-05 13:28:40,-2.67,141.3,79.83,83,99,8.21,moderate rain,1.36,0.0
371,Puri,IN,2020-11-05 13:28:41,19.8,85.85,78.8,65,20,4.7,haze,0.0,0.0
372,Benguela,AO,2020-11-05 13:28:41,-12.58,13.41,82.4,74,20,11.41,few clouds,0.0,0.0
373,Ol'ga,RU,2020-11-05 13:28:41,43.74,135.29,36.88,79,0,6.11,clear sky,0.0,0.0
374,At-Bashi,KG,2020-11-05 13:25:57,41.17,75.81,34.07,60,40,5.7,scattered clouds,0.0,0.0
375,Aguilares,AR,2020-11-05 13:28:42,-27.43,-65.61,71.01,33,0,11.01,clear sky,0.0,0.0
376,Santiago del Estero,AR,2020-11-05 13:27:58,-27.8,-64.26,78.08,30,0,11.88,clear sky,0.0,0.0
377,Arrondissement du Havre,FR,2020-11-05 13:28:42,49.58,0.33,51.8,62,0,11.41,clear sky,0.0,0.0
378,Brezovo,BG,2020-11-05 13:28:42,42.35,25.08,60.8,44,75,4.7,broken clouds,0.0,0.0
379,Kroya,ID,2020-11-05 13:28:43,-7.63,109.25,64.0,89,100,6.42,moderate rain,1.64,0.0
380,Matara,LK,2020-11-05 13:28:43,5.95,80.54,80.04,82,60,3.02,light rain,0.26,0.0
381,Gayéri,BF,2020-11-05 13:28:43,12.65,0.49,97.39,16,100,15.48,overcast clouds,0.0,0.0
382,Touros,BR,2020-11-05 13:25:44,-5.2,-35.46,86.0,66,75,19.46,broken clouds,0.0,0.0
383,Nouadhibou,MR,2020-11-05 13:28:43,20.93,-17.03,78.8,61,31,5.82,scattered clouds,0.0,0.0
384,Neiafu,TO,2020-11-05 13:28:44,-18.65,-173.98,75.2,83,20,8.05,few clouds,0.0,0.0
385,Antalaha,MG,2020-11-05 13:28:44,-14.9,50.28,79.32,71,95,12.71,overcast clouds,0.0,0.0
386,Oranjemund,NA,2020-11-05 13:28:44,-28.55,16.43,65.43,73,93,11.01,overcast clouds,0.0,0.0
387,Severodvinsk,RU,2020-11-05 13:28:44,64.56,39.83,39.2,86,75,6.71,light rain,0.21,0.0
388,Grenville,GD,2020-11-05 13:28:45,12.12,-61.62,86.0,70,20,11.41,few clouds,0.0,0.0
389,Sibolga,ID,2020-11-05 13:28:45,1.74,98.78,79.3,76,98,3.42,heavy intensity rain,6.3102,0.0
390,College,US,2020-11-05 13:28:45,64.86,-147.8,-8.0,75,75,3.36,light snow,0.0,0.0
391,Cabo San Lucas,MX,2020-11-05 13:25:06,22.89,-109.91,69.8,60,5,9.17,clear sky,0.0,0.0
392,Vestmannaeyjar,IS,2020-11-05 13:28:45,63.44,-20.27,50.0,87,90,36.91,drizzle,0.0,0.0
393,Eureka,US,2020-11-05 13:28:46,40.8,-124.16,55.0,100,90,4.7,fog,0.0,0.0
394,Guipavas,FR,2020-11-05 13:28:46,48.44,-4.4,53.6,62,0,18.34,clear sky,0.0,0.0
395,Coari,BR,2020-11-05 13:28:46,-4.08,-63.14,80.47,84,100,3.69,moderate rain,1.18,0.0
396,Varhaug,NO,2020-11-05 13:28:46,58.61,5.65,51.01,99,100,8.01,light rain,0.67,0.0
397,Magadan,RU,2020-11-05 13:28:46,59.57,150.8,7.36,87,99,9.46,overcast clouds,0.0,0.0
398,Coyhaique,CL,2020-11-05 13:28:47,-45.58,-72.07,50.0,61,90,10.29,overcast clouds,0.0,0.0
399,Orange Cove,US,2020-11-05 13:28:47,36.62,-119.31,50.0,81,75,6.93,broken clouds,0.0,0.0
400,Clarksburg,US,2020-11-05 13:27:23,39.28,-80.34,48.2,86,1,4.09,clear sky,0.0,0.0
401,Noumea,NC,2020-11-05 13:26:57,-22.28,166.46,71.6,94,0,2.24,clear sky,0.0,0.0
402,Dongsheng,CN,2020-11-05 13:28:47,39.82,109.98,39.67,60,88,23.69,overcast clouds,0.0,0.0
403,Kunya,NG,2020-11-05 13:28:48,12.22,8.53,91.4,24,100,16.11,haze,0.0,0.0
404,Santa Rosa,PH,2020-11-05 13:28:48,14.31,121.11,82.4,78,20,4.7,few clouds,0.0,0.0
405,Bondo,CD,2020-11-05 13:28:48,3.81,23.69,89.71,48,29,5.37,scattered clouds,0.0,0.0
406,Turukhansk,RU,2020-11-05 13:28:48,65.82,87.98,-1.16,86,0,6.51,clear sky,0.0,0.0
407,Hofn,IS,2020-11-05 13:28:48,64.25,-15.21,46.4,93,90,5.82,heavy intensity rain,15.38,0.0
408,Beşikdüzü,TR,2020-11-05 13:28:48,41.05,39.23,66.2,77,75,3.36,broken clouds,0.0,0.0
409,Vestmanna,FO,2020-11-05 13:28:49,62.16,-7.17,50.0,100,100,26.4,mist,0.0,0.0
410,Mangit,UZ,2020-11-05 13:28:49,40.6,70.96,51.8,40,0,0.09,mist,0.0,0.0
411,Meulaboh,ID,2020-11-05 13:28:49,4.14,96.13,80.44,82,100,2.28,overcast clouds,0.0,0.0
412,Mount Gambier,AU,2020-11-05 13:28:49,-37.83,140.77,44.6,87,75,4.7,broken clouds,0.0,0.0
413,Puerto Escondido,MX,2020-11-05 13:28:49,15.85,-97.07,69.8,88,40,6.93,scattered clouds,0.0,0.0
414,Mildura,AU,2020-11-05 13:28:50,-34.2,142.15,57.2,44,0,8.05,clear sky,0.0,0.0
415,The Pas,CA,2020-11-05 13:28:50,53.83,-101.25,17.6,67,90,12.75,light snow,0.0,0.0
416,Çanakkale Province,TR,2020-11-05 13:28:50,40.08,26.83,60.8,63,75,11.41,broken clouds,0.0,0.0
417,Carupano,VE,2020-11-05 13:28:51,10.67,-63.26,79.99,77,49,5.73,scattered clouds,0.0,0.0
418,Port-Gentil,GA,2020-11-05 13:28:51,-0.72,8.78,87.8,62,20,10.29,few clouds,0.0,0.0
419,Mezen',RU,2020-11-05 13:28:51,65.85,44.24,38.21,88,96,7.63,overcast clouds,0.0,0.0
420,Tot'ma,RU,2020-11-05 13:28:52,59.97,42.76,41.67,83,88,9.55,overcast clouds,0.0,0.0
421,Ulaanbaatar,MN,2020-11-05 13:28:52,47.91,106.88,24.8,41,40,11.18,scattered clouds,0.0,0.0
422,Ballina,AU,2020-11-05 13:28:52,-28.87,153.57,68.0,82,75,6.93,broken clouds,0.0,0.0
423,Cabedelo,BR,2020-11-05 13:28:52,-6.98,-34.83,87.8,62,40,11.41,scattered clouds,0.0,0.0
424,Pandan,PH,2020-11-05 13:28:52,14.05,124.17,79.07,80,100,4.05,moderate rain,1.6484,0.0
425,Jizan,SA,2020-11-05 13:28:53,17.33,42.67,89.6,62,20,14.99,few clouds,0.0,0.0
426,Shingū,JP,2020-11-05 13:28:53,33.73,135.98,52.29,73,0,5.35,clear sky,0.0,0.0
427,Bikramganj,IN,2020-11-05 13:28:53,25.2,84.25,70.45,39,0,2.1,clear sky,0.0,0.0
428,Dombarovskiy,RU,2020-11-05 13:28:53,50.76,59.54,50.72,55,100,8.19,overcast clouds,0.0,0.0
429,Oksovskiy,RU,2020-11-05 13:28:53,62.61,39.9,41.52,77,100,10.36,overcast clouds,0.0,0.0
430,Mogadishu,SO,2020-11-05 13:26:30,2.04,45.34,84.2,66,75,10.29,broken clouds,0.0,0.0
431,Moberly,US,2020-11-05 13:28:54,39.42,-92.44,53.01,70,6,1.01,clear sky,0.0,0.0
432,Marabu,MY,2020-11-05 13:28:54,4.41,114.01,78.01,94,40,2.24,light rain,0.39,0.0
433,Hasaki,JP,2020-11-05 13:28:54,35.73,140.83,46.4,100,20,1.12,few clouds,0.0,0.0
434,Vila Franca do Campo,PT,2020-11-05 13:28:55,37.72,-25.43,64.99,67,40,14.99,shower rain,0.0,0.0
435,Chambishi,ZM,2020-11-05 13:28:55,-12.63,28.05,94.73,16,0,3.65,clear sky,0.0,0.0
436,Madang,PG,2020-11-05 13:28:55,-5.22,145.8,77.14,87,100,3.42,heavy intensity rain,6.489000000000001,0.0
437,Juneau,US,2020-11-05 13:28:55,58.3,-134.42,28.4,68,75,6.93,broken clouds,0.0,0.0
438,Havre-St-Pierre,CA,2020-11-05 13:28:55,50.23,-63.6,32.0,97,90,8.05,overcast clouds,0.0,0.0
439,Long Xuyen,VN,2020-11-05 13:28:56,10.38,105.42,80.6,94,20,1.12,few clouds,0.0,0.0
440,Pontes e Lacerda,BR,2020-11-05 13:24:07,-15.23,-59.34,91.94,22,24,4.52,few clouds,0.0,0.0
441,Muyezerskiy,RU,2020-11-05 13:28:56,63.93,31.65,39.33,90,100,17.05,moderate rain,1.3,0.0
442,Lárdos,GR,2020-11-05 13:28:56,36.09,28.02,71.6,56,20,16.11,few clouds,0.0,0.0
443,Robertsport,LR,2020-11-05 13:28:56,6.75,-11.37,82.29,71,4,6.22,clear sky,0.0,0.0
444,Pinega,RU,2020-11-05 13:28:57,64.7,43.39,39.34,78,100,8.77,light rain,0.14980000000000004,0.0
445,Yumen,CN,2020-11-05 13:28:57,40.28,97.2,36.01,65,0,18.61,clear sky,0.0,0.0
446,Deputatsky,RU,2020-11-05 13:28:57,69.3,139.9,-15.68,77,29,0.92,scattered clouds,0.0,0.0
447,Klaksvík,FO,2020-11-05 13:28:57,62.23,-6.59,50.0,100,100,26.4,mist,0.0,0.0
448,Departamento de Maldonado,UY,2020-11-05 13:28:58,-34.67,-54.92,68.0,68,75,10.29,broken clouds,0.0,0.0
449,Berlevåg,NO,2020-11-05 13:28:58,70.86,29.09,35.6,86,40,11.41,scattered clouds,0.0,0.0
450,Saint-Augustin,CA,2020-11-05 13:28:58,51.23,-58.65,27.07,80,100,7.72,overcast clouds,0.0,0.0
451,Port-Cartier,CA,2020-11-05 13:28:58,50.03,-66.87,32.0,89,100,4.7,overcast clouds,0.0,0.0
452,Ambanja,MG,2020-11-05 13:28:59,-13.68,48.45,87.8,58,20,6.93,few clouds,0.0,0.0
453,Padang,ID,2020-11-05 13:28:59,-0.95,100.35,79.68,77,100,1.39,moderate rain,3.3686,0.0
454,Saldanha,ZA,2020-11-05 13:28:59,-33.01,17.94,71.6,85,75,17.22,broken clouds,0.0,0.0
455,Ayan,RU,2020-11-05 13:28:59,56.45,138.17,20.84,84,0,17.83,clear sky,0.0,0.0
456,Calmeca,MX,2020-11-05 13:28:59,18.63,-98.63,51.82,59,99,3.27,overcast clouds,0.0,0.0
457,Oga,IT,2020-11-05 13:29:00,46.46,10.35,63.0,61,0,2.24,clear sky,0.0,0.0
458,Pogar,RU,2020-11-05 13:29:00,52.55,33.26,46.71,82,78,8.77,broken clouds,0.0,0.0
459,Fayaoué,NC,2020-11-05 13:29:00,-20.65,166.53,76.73,83,0,6.4,clear sky,0.0,0.0
460,Ixtapa,MX,2020-11-05 13:29:01,20.7,-105.2,71.01,88,75,3.29,broken clouds,0.0,0.0
461,Rome,US,2020-11-05 13:26:05,43.21,-75.46,50.0,57,1,8.05,clear sky,0.0,0.0
462,Tottori-shi,JP,2020-11-05 13:29:01,35.5,134.23,50.0,81,75,6.93,broken clouds,0.0,0.0
463,Key Largo,US,2020-11-05 13:29:01,25.09,-80.45,79.0,1,94,8.99,light rain,0.55,0.0
464,San Quintín,MX,2020-11-05 13:29:02,30.48,-115.95,65.71,63,100,2.1,overcast clouds,0.0,0.0
465,Port Hardy,CA,2020-11-05 13:29:02,50.7,-127.42,48.2,81,75,6.93,light intensity shower rain,0.0,0.0
466,Sola,VU,2020-11-05 13:29:02,-13.88,167.55,78.8,94,40,12.35,scattered clouds,0.0,0.0
467,Saint-François,FR,2020-11-05 13:29:02,46.42,3.91,54.0,66,90,5.82,overcast clouds,0.0,0.0
468,Skerries,IE,2020-11-05 13:29:02,53.58,-6.11,51.01,87,75,4.7,broken clouds,0.0,0.0
469,Opuwo,NA,2020-11-05 13:29:03,-18.06,13.84,94.3,10,3,20.92,clear sky,0.0,0.0
470,Wanning,CN,2020-11-05 13:29:03,18.8,110.4,74.17,92,100,12.88,heavy intensity rain,4.11,0.0
471,Masakin,TN,2020-11-05 13:29:03,35.73,10.58,75.2,69,0,8.05,clear sky,0.0,0.0
472,Rocha,UY,2020-11-05 13:24:44,-34.48,-54.33,67.84,62,40,11.21,scattered clouds,0.0,0.0
473,San Gavino Monreale,IT,2020-11-05 13:29:04,39.55,8.79,73.4,53,20,3.36,few clouds,0.0,0.0
474,Pulaski,US,2020-11-05 13:29:04,34.77,-92.3,52.0,93,75,5.82,broken clouds,0.0,0.0
475,Kaili,ID,2020-11-05 13:29:04,-3.46,120.21,70.11,92,100,2.82,light rain,0.98,0.0
476,Oussouye,SN,2020-11-05 13:29:04,12.48,-16.55,93.2,63,75,6.93,broken clouds,0.0,0.0
477,Ormond Beach,US,2020-11-05 13:27:40,29.29,-81.06,77.0,78,40,8.05,scattered clouds,0.0,0.0
478,Port Lincoln,AU,2020-11-05 13:29:05,-34.73,135.87,52.86,74,100,11.14,overcast clouds,0.0,0.0
479,Srednekolymsk,RU,2020-11-05 13:29:05,67.45,153.68,17.56,97,100,22.41,light snow,0.0,0.5
480,Petrovskoye,RU,2020-11-05 13:29:05,57.01,39.27,44.58,75,100,10.96,overcast clouds,0.0,0.0
481,Biryusinsk,RU,2020-11-05 13:29:05,55.96,97.82,30.29,97,100,17.09,overcast clouds,0.0,0.0
482,Mongo,TD,2020-11-05 13:29:06,12.18,18.69,97.3,14,100,11.14,overcast clouds,0.0,0.0
483,Pitimbu,BR,2020-11-05 13:25:49,-7.47,-34.81,87.8,62,40,11.41,scattered clouds,0.0,0.0
484,Balyqshy,KZ,2020-11-05 13:29:06,47.07,51.87,57.2,28,0,15.66,clear sky,0.0,0.0
485,Sakakah,SA,2020-11-05 13:29:06,29.97,40.21,78.8,26,0,8.05,clear sky,0.0,0.0
486,Abalak,RU,2020-11-05 13:29:07,58.13,68.59,30.65,99,75,4.94,broken clouds,0.0,0.0
487,Bereda,ES,2020-11-05 13:29:07,43.27,-7.54,53.01,71,97,4.0,overcast clouds,0.0,0.0
488,Carutapera,BR,2020-11-05 13:29:07,-1.2,-46.02,87.37,59,65,10.63,broken clouds,0.0,0.0
489,Letlhakeng,BW,2020-11-05 13:29:07,-24.09,25.03,87.28,33,99,9.73,overcast clouds,0.0,0.0
490,Kavaratti,IN,2020-11-05 13:29:08,10.57,72.64,84.27,67,1,3.58,clear sky,0.0,0.0
491,Derzhavīnsk,KZ,2020-11-05 13:29:08,51.1,66.32,40.69,65,98,10.27,overcast clouds,0.0,0.0
492,Maneromango,TZ,2020-11-05 13:29:08,-7.2,38.78,86.0,55,40,12.75,scattered clouds,0.0,0.0
493,Borogontsy,RU,2020-11-05 13:29:08,62.67,131.17,0.5,93,100,2.75,overcast clouds,0.0,0.0
494,Avera,US,2020-11-05 13:29:08,33.19,-82.53,55.0,87,40,5.82,scattered clouds,0.0,0.0
495,Beian,NO,2020-11-05 13:29:09,63.66,9.57,50.0,71,75,34.45,shower rain,0.0,0.0
496,Shebalino,RU,2020-11-05 13:29:09,51.29,85.68,30.94,88,100,9.26,overcast clouds,0.0,0.0
497,Zhanakorgan,KZ,2020-11-05 13:29:09,43.91,67.25,48.6,45,0,9.15,clear sky,0.0,0.0
498,Cauquenes,CL,2020-11-05 13:29:09,-35.97,-72.32,56.93,44,0,13.47,clear sky,0.0,0.0
499,Ascension,US,2020-11-05 13:29:09,30.22,-90.9,53.01,93,1,3.36,clear sky,0.0,0.0
500,Kaeo,NZ,2020-11-05 13:29:09,-35.1,173.78,64.0,95,31,3.0,scattered clouds,0.0,0.0
501,Pisco,PE,2020-11-05 13:29:10,-13.7,-76.22,62.6,88,90,2.24,mist,0.0,0.0
502,Hanko,FI,2020-11-05 13:29:10,59.83,22.95,50.0,73,64,5.01,broken clouds,0.0,0.0
503,Ahipara,NZ,2020-11-05 13:29:10,-35.17,173.17,62.06,95,35,6.24,scattered clouds,0.0,0.0
504,Luena,AO,2020-11-05 13:29:10,-11.78,19.92,84.2,58,40,6.93,scattered clouds,0.0,0.0
505,Grindavik,IS,2020-11-05 13:29:10,63.84,-22.43,48.2,76,90,47.2,overcast clouds,0.0,0.0
506,Santa Fe,AR,2020-11-05 13:28:31,-31.63,-60.7,73.0,38,0,11.01,clear sky,0.0,0.0
507,Erzin,TR,2020-11-05 13:26:26,36.96,36.2,66.99,71,93,3.27,overcast clouds,0.0,0.0
508,Nantucket,US,2020-11-05 13:29:11,41.28,-70.1,57.99,91,0,14.0,clear sky,0.0,0.0
509,Ust'-Kachka,RU,2020-11-05 13:29:11,58.01,55.67,37.4,100,90,11.18,overcast clouds,0.0,0.0
510,Penzance,GB,2020-11-05 13:29:11,50.12,-5.54,50.0,76,20,11.41,few clouds,0.0,0.0
511,Stephenville Crossing,CA,2020-11-05 13:29:12,48.5,-58.43,34.0,74,75,6.93,broken clouds,0.0,0.0
512,Puerto Madryn,AR,2020-11-05 13:29:12,-42.77,-65.04,63.09,33,0,24.63,clear sky,0.0,0.0
513,Greiz,DE,2020-11-05 13:29:12,50.65,12.2,53.01,68,0,3.98,clear sky,0.0,0.0
514,Chokwé,MZ,2020-11-05 13:29:12,-24.53,32.98,99.1,26,74,11.27,light rain,0.19,0.0
515,Karatsu,JP,2020-11-05 13:29:12,33.44,129.97,55.0,45,98,1.92,overcast clouds,0.0,0.0
516,Bol'shoye Murashkino,RU,2020-11-05 13:29:13,55.78,44.78,43.21,91,100,11.41,light rain,0.999,0.0
517,Maxixe,MZ,2020-11-05 13:29:13,-23.86,35.35,84.2,70,40,16.11,scattered clouds,0.0,0.0
518,Sydney,AU,2020-11-05 13:26:41,-33.87,151.21,57.99,89,71,11.99,light rain,0.3,0.0
519,Rūdsar,IR,2020-11-05 13:29:13,37.14,50.29,69.8,83,90,2.24,mist,0.0,0.0
520,Emba,KZ,2020-11-05 13:29:14,48.83,58.14,51.8,41,50,4.59,scattered clouds,0.0,0.0
521,San Jerónimo,PE,2020-11-05 13:29:14,-11.95,-75.28,54.64,52,92,2.39,overcast clouds,0.0,0.0
522,Mason City,US,2020-11-05 13:26:22,43.15,-93.2,42.8,81,1,6.93,clear sky,0.0,0.0
523,Longhua,CN,2020-11-05 13:29:14,23.61,114.19,68.88,66,0,1.68,light rain,0.1264,0.0
524,Adré,TD,2020-11-05 13:29:15,13.47,22.2,90.77,16,100,9.75,overcast clouds,0.0,0.0
525,Skibbereen,IE,2020-11-05 13:29:15,51.55,-9.27,50.0,66,20,3.36,few clouds,0.0,0.0
526,Khovd,MN,2020-11-05 13:29:15,48.01,91.64,31.53,72,0,7.76,clear sky,0.0,0.0
527,Bintulu,MY,2020-11-05 13:29:15,3.17,113.03,78.8,94,20,2.93,moderate rain,2.92,0.0
528,Pahrump,US,2020-11-05 13:27:26,36.21,-115.98,55.4,30,1,6.93,clear sky,0.0,0.0
529,Usinsk,RU,2020-11-05 13:29:15,65.99,57.53,34.97,94,100,12.77,light rain,0.11,0.0
530,Olinda,BR,2020-11-05 13:24:47,-8.01,-34.86,86.0,66,40,10.29,scattered clouds,0.0,0.0
531,Tonj,SS,2020-11-05 13:29:16,7.27,28.68,90.52,51,96,3.62,overcast clouds,0.0,0.0
532,La Victoria,VE,2020-11-05 13:29:16,10.22,-67.33,72.0,82,73,1.99,light rain,0.14,0.0
533,Port Pirie,AU,2020-11-05 13:29:16,-33.18,138.02,57.2,67,100,11.41,overcast clouds,0.0,0.0
534,Abu Samrah,SY,2020-11-05 13:29:16,35.3,37.18,65.16,54,7,14.58,clear sky,0.0,0.0
535,Zabul Province,AF,2020-11-05 13:29:17,32.25,67.25,51.8,33,0,7.65,clear sky,0.0,0.0
536,Dunmore Town,BS,2020-11-05 13:29:17,25.5,-76.65,79.36,79,100,29.12,moderate rain,1.4,0.0
537,Governador Valadares,BR,2020-11-05 13:29:17,-18.85,-41.95,73.33,78,100,2.39,overcast clouds,0.0,0.0
538,Houma,US,2020-11-05 13:28:50,29.6,-90.72,59.0,93,1,6.93,clear sky,0.0,0.0
539,Elizabeth City,US,2020-11-05 13:29:18,36.29,-76.25,60.8,93,1,3.36,clear sky,0.0,0.0
540,Hambantota,LK,2020-11-05 13:29:18,6.12,81.12,82.4,94,40,3.36,thunderstorm,0.0,0.0
541,Mrakovo,RU,2020-11-05 13:29:18,52.72,56.62,46.54,70,100,6.46,light rain,0.20079999999999998,0.0
542,Ndendé,GA,2020-11-05 13:29:18,-2.4,11.36,83.79,70,85,3.13,light rain,0.14,0.0
543,Bambous Virieux,MU,2020-11-05 13:29:18,-20.34,57.76,77.0,61,40,9.17,scattered clouds,0.0,0.0
544,Brejo Santo,BR,2020-11-05 13:29:19,-7.49,-38.99,89.85,41,95,4.61,overcast clouds,0.0,0.0
545,Haines Junction,CA,2020-11-05 13:29:19,60.75,-137.51,1.4,64,100,3.36,overcast clouds,0.0,0.0
546,Los Llanos de Aridane,ES,2020-11-05 13:29:19,28.66,-17.92,73.4,56,40,5.82,scattered clouds,0.0,0.0
547,Kirakira,SB,2020-11-05 13:29:19,-10.45,161.92,79.34,82,100,3.53,overcast clouds,0.0,0.0
548,Talcahuano,CL,2020-11-05 13:28:34,-36.72,-73.12,55.4,58,0,10.29,clear sky,0.0,0.0
549,Codó,BR,2020-11-05 13:29:20,-4.46,-43.89,89.37,60,75,2.33,light rain,0.27,0.0
550,Alekseyevsk,RU,2020-11-05 13:29:20,57.84,108.35,24.75,95,100,10.65,overcast clouds,0.0,0.0
551,Ponta Delgada,PT,2020-11-05 13:29:20,37.73,-25.67,64.99,67,40,14.99,shower rain,0.0,0.0
552,Tiassalé,CI,2020-11-05 13:29:20,5.9,-4.83,93.96,47,47,2.91,scattered clouds,0.0,0.0
553,Mil'kovo,RU,2020-11-05 13:29:20,54.72,158.62,32.13,92,96,15.1,overcast clouds,0.0,0.0
554,Piedras Negras,MX,2020-11-05 13:29:21,28.7,-100.52,55.0,97,0,3.0,clear sky,0.0,0.0
555,Miracema do Tocantins,BR,2020-11-05 13:29:21,-9.56,-48.4,86.34,57,58,5.1,broken clouds,0.0,0.0
556,Almeirim,BR,2020-11-05 13:29:21,-1.52,-52.58,89.42,55,30,4.9,moderate rain,1.332,0.0
557,Along,IN,2020-11-05 13:29:21,28.17,94.77,61.81,86,23,2.55,few clouds,0.0,0.0
558,Morant Bay,JM,2020-11-05 13:29:21,17.88,-76.41,75.99,88,75,8.05,broken clouds,0.0,0.0
559,Siavonga,ZM,2020-11-05 13:29:22,-16.54,28.71,99.25,27,0,2.98,clear sky,0.0,0.0
560,Port Antonio,JM,2020-11-05 13:29:22,18.18,-76.46,75.99,88,75,8.05,broken clouds,0.0,0.0
561,Murdochville,CA,2020-11-05 13:29:22,48.96,-65.5,33.8,80,100,10.29,overcast clouds,0.0,0.0
562,Tete,MZ,2020-11-05 13:29:22,-16.16,33.59,107.6,13,20,11.41,few clouds,0.0,0.0
563,Gerāsh,IR,2020-11-05 13:29:23,27.67,54.14,84.2,13,0,6.93,clear sky,0.0,0.0
564,Gravdal,NO,2020-11-05 13:29:23,68.12,13.5,42.8,70,75,41.38,broken clouds,0.0,0.0
565,Nampa,US,2020-11-05 13:29:23,43.54,-116.56,46.4,65,0,5.03,clear sky,0.0,0.0
566,Shaunavon,CA,2020-11-05 13:29:23,49.65,-108.42,50.0,53,100,16.11,overcast clouds,0.0,0.0
567,São Miguel do Araguaia,BR,2020-11-05 13:29:23,-13.28,-50.16,85.89,53,91,4.79,overcast clouds,0.0,0.0
568,Yar-Sale,RU,2020-11-05 13:27:12,66.83,70.83,7.09,95,43,6.15,scattered clouds,0.0,0.0
569,Tabou,CI,2020-11-05 13:29:24,4.42,-7.35,84.6,67,0,7.85,clear sky,0.0,0.0
570,Castle Rock,US,2020-11-05 13:29:24,39.37,-104.86,48.99,45,0,7.36,clear sky,0.0,0.0
571,Trojan,PL,2020-11-05 13:29:24,53.79,20.24,48.0,81,40,10.29,scattered clouds,0.0,0.0
572,Plettenberg Bay,ZA,2020-11-05 13:29:24,-34.05,23.37,70.32,74,100,4.41,overcast clouds,0.0,0.0
573,Syracuse,IT,2020-11-05 13:29:24,37.09,15.28,71.6,68,20,5.82,few clouds,0.0,0.0
574,Tumut,AU,2020-11-05 13:29:25,-35.3,148.22,45.79,84,0,4.9,clear sky,0.0,0.0
575,Lanquín,GT,2020-11-05 13:29:25,15.57,-89.97,62.6,100,75,6.93,light rain,0.0,0.0
576,Snåase,NO,2020-11-05 13:29:25,64.25,12.38,48.2,66,75,31.09,shower rain,0.0,0.0
577,Smithers,CA,2020-11-05 13:28:50,54.78,-127.17,39.2,80,40,4.7,scattered clouds,0.0,0.0
578,Nefteyugansk,RU,2020-11-05 13:29:26,61.1,72.6,35.6,100,75,11.18,broken clouds,0.0,0.0
579,Tsabong,BW,2020-11-05 13:29:26,-26.02,22.4,89.2,17,1,21.68,clear sky,0.0,0.0
580,Mehamn,NO,2020-11-05 13:29:26,71.04,27.85,35.6,90,75,10.29,light intensity shower rain,0.1,0.0
581,Assiut,EG,2020-11-05 13:29:26,27.18,31.18,78.8,47,0,16.11,clear sky,0.0,0.0
582,Hamilton,US,2020-11-05 13:26:07,39.18,-84.53,53.01,66,75,10.29,broken clouds,0.0,0.0
583,Abonnema,NG,2020-11-05 13:29:27,4.71,6.79,89.6,66,75,4.7,broken clouds,0.0,0.0
584,Acaraú,BR,2020-11-05 13:29:27,-2.89,-40.12,86.74,59,65,17.38,broken clouds,0.0,0.0
585,Ratnagiri,IN,2020-11-05 13:29:27,16.98,73.3,82.13,62,0,7.27,clear sky,0.0,0.0
586,Columbia,US,2020-11-05 13:26:34,34.0,-81.03,51.8,76,20,5.12,few clouds,0.0,0.0
587,Oneida,US,2020-11-05 13:29:27,43.2,-75.47,52.0,57,1,8.05,clear sky,0.0,0.0
588,Jinji,CN,2020-11-05 13:29:28,23.23,110.83,71.51,69,66,2.64,broken clouds,0.0,0.0
589,Grand Forks,US,2020-11-05 13:29:28,47.94,-97.43,30.2,100,1,3.49,clear sky,0.0,0.0
590,Aktash,RU,2020-11-05 13:29:28,50.3,87.73,18.19,97,100,6.26,snow,0.0,0.56
591,Georgiyevka,KZ,2020-11-05 13:29:28,43.04,74.71,41.0,44,0,4.47,clear sky,0.0,0.0
592,Lunca Corbului,RO,2020-11-05 13:29:28,44.7,24.75,55.9,55,100,2.37,overcast clouds,0.0,0.0
593,Janaúba,BR,2020-11-05 13:29:29,-15.8,-43.31,75.38,75,100,4.9,light rain,0.46,0.0
594,Warrington,GB,2020-11-05 13:29:29,53.39,-2.58,52.0,87,90,9.17,overcast clouds,0.0,0.0
595,Palana,RU,2020-11-05 13:29:29,59.12,159.97,29.26,96,93,10.51,overcast clouds,0.0,0.0
596,Sirte,LY,2020-11-05 13:29:29,31.21,16.59,73.26,62,7,10.07,clear sky,0.0,0.0
597,Grand Baie,MU,2020-11-05 13:29:29,-20.02,57.58,75.99,69,31,8.99,scattered clouds,0.0,0.0
598,Mālpur,IN,2020-11-05 13:29:30,23.35,73.45,79.07,35,0,4.97,clear sky,0.0,0.0
599,North Platte,US,2020-11-05 13:29:30,41.12,-100.77,30.2,86,1,5.82,clear sky,0.0,0.0
600,Teya,RU,2020-11-05 13:29:30,60.38,92.63,21.02,96,100,4.43,light snow,0.0,0.19
601,Kiruna,SE,2020-11-05 13:29:30,67.86,20.23,37.4,74,20,17.22,few clouds,0.0,0.0
602,Reque,PE,2020-11-05 13:29:31,-6.87,-79.82,64.4,77,90,5.82,overcast clouds,0.0,0.0
603,Ekhabi,RU,2020-11-05 13:29:31,53.51,142.97,28.36,93,100,22.75,overcast clouds,0.0,0.0
604,Haileybury,CA,2020-11-05 13:29:32,47.45,-79.64,39.2,100,1,9.17,clear sky,0.0,0.0
605,Maicao,CO,2020-11-05 13:29:32,11.38,-72.24,81.14,83,58,13.22,moderate rain,1.67,0.0
606,São Félix do Xingu,BR,2020-11-05 13:29:32,-6.64,-51.99,76.1,94,96,0.85,moderate rain,1.5,0.0
607,Mana,GF,2020-11-05 13:29:32,5.66,-53.78,74.08,94,100,1.28,moderate rain,1.89,0.0
608,Isangel,VU,2020-11-05 13:29:32,-19.55,169.27,76.5,84,0,4.81,clear sky,0.0,0.0
609,Kapuskasing,CA,2020-11-05 13:29:33,49.42,-82.43,37.4,100,100,5.82,overcast clouds,0.0,0.0
610,Palmer,US,2020-11-05 13:25:05,42.16,-72.33,54.0,81,1,9.17,clear sky,0.0,0.0
611,Igrim,RU,2020-11-05 13:29:33,63.19,64.42,33.78,94,100,7.07,overcast clouds,0.0,0.0
612,Tullahoma,US,2020-11-05 13:29:33,35.36,-86.21,51.8,93,1,4.5,clear sky,0.0,0.0
613,Røros,NO,2020-11-05 13:29:33,62.57,11.38,48.2,49,0,9.17,clear sky,0.0,0.0
614,Aklavik,CA,2020-11-05 13:29:34,68.22,-135.01,1.4,77,89,3.36,overcast clouds,0.0,0.0
615,Vostok,RU,2020-11-05 13:29:34,46.49,135.88,22.77,92,99,5.48,overcast clouds,0.0,0.0
616,Westport,US,2020-11-05 13:25:05,41.14,-73.36,53.6,93,1,3.36,clear sky,0.0,0.0
617,Bibbiena,IT,2020-11-05 13:29:34,43.7,11.81,60.01,72,75,1.99,broken clouds,0.0,0.0
618,Ambon City,ID,2020-11-05 13:29:34,-3.7,128.18,82.99,89,100,1.01,overcast clouds,0.0,0.0
619,Goma,CD,2020-11-05 13:29:35,-1.68,29.22,73.4,69,75,4.7,thunderstorm with light rain,0.0,0.0
620,Olafsvik,IS,2020-11-05 13:29:35,64.89,-23.71,45.55,75,44,44.0,light rain,0.12,0.0
621,Yablochnyy,RU,2020-11-05 13:29:35,47.17,142.07,35.6,59,24,6.71,few clouds,0.0,0.0
622,Slave Lake,CA,2020-11-05 13:29:35,55.28,-114.77,28.4,92,90,11.41,moderate rain,2.05,2.05
623,Charter Township of Clinton,US,2020-11-05 13:28:17,42.59,-82.92,55.0,76,90,9.17,overcast clouds,0.0,0.0
624,Myre,NO,2020-11-05 13:29:36,69.1,15.95,41.0,80,75,33.33,shower rain,0.0,0.0
625,Münster,DE,2020-11-05 13:26:07,51.96,7.63,54.0,93,20,3.36,few clouds,0.0,0.0
626,Gaoual,GN,2020-11-05 13:29:36,11.75,-13.2,97.45,42,0,2.15,clear sky,0.0,0.0
627,Kasongo,CD,2020-11-05 13:29:36,-4.45,26.67,77.95,91,100,3.53,moderate rain,2.16,0.0
628,Lata,PT,2020-11-05 13:29:36,40.16,-8.33,69.01,79,100,7.0,light rain,0.13,0.0
629,Schattdorf,CH,2020-11-05 13:29:37,46.87,8.65,48.2,81,90,1.12,overcast clouds,0.0,0.0
630,Churapcha,RU,2020-11-05 13:29:37,62.0,132.43,0.34,93,100,4.07,overcast clouds,0.0,0.0
631,Gannan,CN,2020-11-05 13:26:47,47.91,123.5,30.69,85,100,6.24,overcast clouds,0.0,0.0
632,Upata,VE,2020-11-05 13:29:37,8.01,-62.4,73.99,97,0,5.23,clear sky,0.0,0.0
633,Chapleau,CA,2020-11-05 13:29:37,47.84,-83.4,41.0,93,75,5.82,broken clouds,0.0,0.0
634,Karakulino,RU,2020-11-05 13:29:38,56.01,53.71,34.47,94,17,5.5,few clouds,0.0,0.0
635,Nanning,CN,2020-11-05 13:29:38,22.82,108.32,71.6,78,9,2.24,light rain,0.37,0.0
636,Beshpagir,RU,2020-11-05 13:29:38,45.02,42.38,55.0,54,0,6.71,clear sky,0.0,0.0
637,Port Blair,IN,2020-11-05 13:29:39,11.67,92.75,82.26,75,0,10.69,clear sky,0.0,0.0
638,Bonthe,SL,2020-11-05 13:29:39,7.53,-12.51,84.94,69,100,5.77,light rain,0.84,0.0
639,Takāb,IR,2020-11-05 13:29:39,36.4,47.11,51.31,63,100,4.45,moderate rain,1.09,0.0
640,Kodinsk,RU,2020-11-05 13:29:39,58.69,99.18,26.29,97,100,2.59,light snow,0.0,0.26
641,Culebra,PR,2020-11-05 13:29:39,18.3,-65.3,84.2,62,20,12.75,few clouds,0.0,0.0
642,Spirovo,RU,2020-11-05 13:29:40,57.42,34.98,43.93,73,100,11.45,overcast clouds,0.0,0.0
643,Naumburg,DE,2020-11-05 13:29:40,51.15,11.82,54.0,50,0,3.0,clear sky,0.0,0.0
644,Mankato,US,2020-11-05 13:29:22,44.16,-94.0,46.4,70,1,6.93,clear sky,0.0,0.0
645,Tazovsky,RU,2020-11-05 13:29:40,67.47,78.7,-4.36,90,0,3.8,clear sky,0.0,0.0
646,Apac,UG,2020-11-05 13:29:41,1.98,32.54,84.11,54,0,3.27,clear sky,0.0,0.0
647,Yerbogachën,RU,2020-11-05 13:29:41,61.28,108.01,14.77,96,100,7.38,overcast clouds,0.0,0.0
648,Kholtoson,RU,2020-11-05 13:29:41,50.3,103.31,24.3,80,25,7.63,scattered clouds,0.0,0.0
649,Salinas,US,2020-11-05 13:29:41,36.68,-121.66,51.8,71,1,9.17,clear sky,0.0,0.0
650,Yangjiang,CN,2020-11-05 13:29:41,21.85,111.97,70.18,78,0,5.95,light rain,0.205,0.0
651,Lindi,TZ,2020-11-05 13:29:42,-10.0,39.72,86.0,55,20,11.41,few clouds,0.0,0.0
652,Coxim,BR,2020-11-05 13:29:42,-18.51,-54.76,89.53,21,0,8.37,clear sky,0.0,0.0
653,Dalby,AU,2020-11-05 13:29:42,-27.18,151.27,64.99,33,0,17.25,clear sky,0.0,0.0
654,Qaqortoq,GL,2020-11-05 13:29:42,60.72,-46.03,24.8,58,20,16.11,few clouds,0.0,0.0
655,Boa Vista,BR,2020-11-05 13:26:38,2.82,-60.67,77.0,83,75,4.7,broken clouds,0.0,0.0
656,Inta,RU,2020-11-05 13:29:43,66.03,60.17,34.02,91,100,5.23,overcast clouds,0.0,0.0
657,Sawākin,SD,2020-11-05 13:29:43,19.11,37.33,85.68,59,23,13.04,few clouds,0.0,0.0
658,Byron Bay,AU,2020-11-05 13:29:43,-28.65,153.62,68.0,82,75,6.93,broken clouds,0.0,0.0
659,Cuamba,MZ,2020-11-05 13:29:43,-14.8,36.54,96.76,18,0,7.81,clear sky,0.0,0.0
660,George Town,MY,2020-11-05 13:25:32,5.41,100.34,82.4,88,20,5.82,few clouds,0.0,0.0
661,Ulvik,NO,2020-11-05 13:29:44,60.57,6.92,51.01,81,75,25.28,broken clouds,0.0,0.0
662,San Juan,AR,2020-11-05 13:29:35,-31.54,-68.54,71.08,36,0,28.68,clear sky,0.0,0.0
663,Petra,JO,2020-11-05 13:29:44,30.32,35.48,59.13,57,44,23.22,scattered clouds,0.0,0.0
664,Tegul'det,RU,2020-11-05 13:29:44,57.31,88.17,34.84,96,100,16.33,overcast clouds,0.0,0.0
665,Monrovia,LR,2020-11-05 13:29:44,6.3,-10.8,87.8,70,75,4.7,broken clouds,0.0,0.0
666,Nieuw Amsterdam,SR,2020-11-05 13:29:45,5.88,-55.08,80.6,83,40,8.05,shower rain,0.0,0.0
667,Riyadh,SA,2020-11-05 13:29:45,24.69,46.72,87.8,20,0,3.36,clear sky,0.0,0.0
668,Kamenka,RU,2020-11-05 13:29:45,51.32,42.77,44.01,97,0,4.81,clear sky,0.0,0.0
669,Nelson Bay,AU,2020-11-05 13:29:45,-32.72,152.15,57.0,100,75,12.75,moderate rain,0.49,0.0
670,Alexander City,US,2020-11-05 13:29:46,32.94,-85.95,48.99,87,1,3.36,clear sky,0.0,0.0
671,Jacareacanga,BR,2020-11-05 13:29:46,-6.22,-57.75,86.0,74,40,3.36,scattered clouds,0.0,0.0
672,Dhenkānāl,IN,2020-11-05 13:29:46,20.67,85.6,78.8,65,20,4.7,haze,0.0,0.0
673,Khasan,RU,2020-11-05 13:29:46,42.43,130.64,50.38,56,0,5.37,clear sky,0.0,0.0
674,Bathsheba,BB,2020-11-05 13:29:46,13.22,-59.52,86.0,62,40,16.11,scattered clouds,0.0,0.0
675,Cangzhou,CN,2020-11-05 13:29:47,38.32,116.87,59.04,42,100,10.78,overcast clouds,0.0,0.0
676,Harper,LR,2020-11-05 13:29:47,4.38,-7.72,84.94,68,32,8.05,light rain,0.18,0.0
677,Palauig,PH,2020-11-05 13:29:47,15.44,119.9,80.96,75,100,2.15,light rain,0.31,0.0
678,Fujin,CN,2020-11-05 13:29:47,47.26,132.03,29.53,88,1,4.38,clear sky,0.0,0.0
679,Laguna,US,2020-11-05 13:29:47,38.42,-121.42,51.01,81,1,2.08,clear sky,0.0,0.0
680,Dingle,PH,2020-11-05 13:29:48,11.0,122.67,75.25,90,0,2.86,clear sky,0.0,0.0
681,Altagracia de Orituco,VE,2020-11-05 13:29:48,9.86,-66.38,76.35,87,58,2.1,broken clouds,0.0,0.0
682,Cairns,AU,2020-11-05 13:27:19,-16.92,145.77,72.0,88,19,3.36,few clouds,0.0,0.0
683,Mendi,PG,2020-11-05 13:29:48,-6.18,143.65,56.5,100,100,1.16,very heavy rain,36.463,0.0
684,Pacifica,US,2020-11-05 13:28:26,37.61,-122.49,61.0,87,20,4.7,few clouds,0.0,0.0
685,Linjiang,CN,2020-11-05 13:29:49,41.81,126.91,38.88,84,99,3.31,overcast clouds,0.0,0.0
686,Zapolyarnyy,RU,2020-11-05 13:29:49,69.42,30.81,33.8,100,75,13.87,broken clouds,0.0,0.0
687,Mareeba,AU,2020-11-05 13:29:49,-17.0,145.43,72.0,88,9,3.36,clear sky,0.0,0.0
688,Imeni Poliny Osipenko,RU,2020-11-05 13:29:49,52.42,136.49,20.08,91,80,7.45,broken clouds,0.0,0.0
689,Elko,US,2020-11-05 13:29:49,41.0,-115.5,28.4,50,1,3.36,clear sky,0.0,0.0
690,Sept-Îles,CA,2020-11-05 13:29:50,50.2,-66.38,33.8,92,100,4.7,overcast clouds,0.0,0.0
691,Gandajika,CD,2020-11-05 13:29:50,-6.75,23.95,86.32,58,94,1.92,overcast clouds,0.0,0.0
692,Ashland,US,2020-11-05 13:29:50,40.82,-82.27,57.2,58,1,13.87,clear sky,0.0,0.0
693,Mtinko,TZ,2020-11-05 13:29:51,-4.55,34.85,82.24,33,80,8.99,broken clouds,0.0,0.0
694,Broken Hill,AU,2020-11-05 13:29:51,-31.95,141.43,57.2,35,0,8.05,clear sky,0.0,0.0
695,Ullapool,GB,2020-11-05 13:29:51,57.9,-5.16,55.99,68,20,5.01,few clouds,0.0,0.0
696,Ikongo,MG,2020-11-05 13:29:51,-21.88,47.43,85.19,49,17,6.6,few clouds,0.0,0.0
697,Korem,ET,2020-11-05 13:29:51,12.51,39.52,66.58,41,0,9.1,clear sky,0.0,0.0
698,Polyanka,UA,2020-11-05 13:29:52,50.26,27.69,49.42,69,0,9.4,clear sky,0.0,0.0
699,Terrace,CA,2020-11-05 13:26:25,54.52,-128.6,41.0,93,90,14.99,light rain,0.0,0.0
700,Izvestkovyy,RU,2020-11-05 13:29:52,48.98,131.55,21.31,87,3,1.88,clear sky,0.0,0.0
701,Sabang,ID,2020-11-05 13:29:52,5.89,95.32,82.45,79,90,13.6,overcast clouds,0.0,0.0
702,Marawi,PH,2020-11-05 13:29:52,8.0,124.29,75.99,94,100,1.77,overcast clouds,0.0,0.0
703,Senneterre,CA,2020-11-05 13:29:53,48.38,-77.23,41.0,93,20,8.05,few clouds,0.0,0.0
704,Ferme-Neuve,CA,2020-11-05 13:29:53,46.7,-75.45,48.2,70,0,9.17,clear sky,0.0,0.0
705,Sinnamary,GF,2020-11-05 13:29:53,5.38,-52.95,77.83,88,95,5.55,light rain,0.6,0.0
706,Jiuquan,CN,2020-11-05 13:29:54,39.74,98.52,39.43,57,0,17.2,clear sky,0.0,0.0
707,Guiratinga,BR,2020-11-05 13:29:54,-16.35,-53.76,85.86,37,0,5.28,clear sky,0.0,0.0
708,Jacqueville,CI,2020-11-05 13:29:54,5.21,-4.41,87.8,74,20,9.17,few clouds,0.0,0.0
709,French Harbor,HN,2020-11-05 13:29:55,16.35,-86.43,82.4,88,75,20.8,broken clouds,0.0,0.0
710,Auki,SB,2020-11-05 13:29:55,-8.77,160.7,79.07,82,100,3.69,heavy intensity rain,5.615,0.0
711,Xining,CN,2020-11-05 13:29:55,36.62,101.77,37.24,72,61,5.88,broken clouds,0.0,0.0
712,Turinskaya Sloboda,RU,2020-11-05 13:29:55,57.62,64.39,32.7,96,92,5.77,overcast clouds,0.0,0.0
713,Volchanets,RU,2020-11-05 13:29:56,42.91,132.75,45.41,81,0,1.81,clear sky,0.0,0.0
714,Batemans Bay,AU,2020-11-05 13:29:56,-35.72,150.18,55.99,93,81,1.01,light rain,0.17,0.0
715,Sikeston,US,2020-11-05 13:29:56,36.88,-89.59,48.2,93,1,5.55,clear sky,0.0,0.0
716,Mahon,ES,2020-11-05 13:29:56,39.89,4.27,68.0,68,40,13.87,scattered clouds,0.0,0.0
717,Campos Belos,BR,2020-11-05 13:26:22,-13.04,-46.77,83.44,61,100,2.06,light rain,0.33,0.0
718,Vung Tau,VN,2020-11-05 13:29:57,10.35,107.08,80.73,85,100,11.21,light rain,0.73,0.0
719,Zhangaözen,KZ,2020-11-05 13:29:57,43.3,52.8,57.87,26,83,11.52,broken clouds,0.0,0.0
720,Mishan,CN,2020-11-05 13:29:57,45.55,131.88,34.29,87,14,4.54,few clouds,0.0,0.0
721,Güicán,CO,2020-11-05 13:29:57,6.46,-72.41,55.0,79,99,1.21,overcast clouds,0.0,0.0
722,Gorgan,IR,2020-11-05 13:26:49,36.84,54.43,73.4,56,75,4.32,broken clouds,0.0,0.0
723,Pangai,TO,2020-11-05 13:29:58,-19.8,-174.35,75.2,83,17,19.46,few clouds,0.0,0.0
724,Rondonópolis,BR,2020-11-05 13:25:03,-16.47,-54.64,88.56,28,4,4.94,clear sky,0.0,0.0
725,Gushikawa,JP,2020-11-05 13:29:58,26.35,127.87,77.0,94,90,18.34,light rain,0.24,0.0
726,Biggar,GB,2020-11-05 13:29:58,55.62,-3.52,55.0,56,61,4.0,broken clouds,0.0,0.0
727,Camacha,PT,2020-11-05 13:29:58,33.08,-16.33,59.0,77,75,14.99,light intensity shower rain,0.0,0.0
728,Gazojak,TM,2020-11-05 13:29:59,41.19,61.4,57.49,32,0,9.73,clear sky,0.0,0.0
729,Acapulco de Juárez,MX,2020-11-05 13:29:38,16.86,-99.89,75.2,69,40,8.05,scattered clouds,0.0,0.0
730,Tari,NG,2020-11-05 13:29:59,12.41,4.49,98.67,16,100,16.87,overcast clouds,0.0,0.0
731,Zalţan,LY,2020-11-05 13:29:59,32.95,11.87,77.2,47,97,10.11,overcast clouds,0.0,0.0
732,Bouaflé,CI,2020-11-05 13:29:59,6.99,-5.74,91.4,55,75,4.7,broken clouds,0.0,0.0
733,Youkounkoun,GN,2020-11-05 13:30:00,12.53,-13.13,101.25,36,0,0.89,clear sky,0.0,0.0
734,Belance,PH,2020-11-05 13:30:00,16.18,121.25,67.21,94,100,1.54,light rain,0.865,0.0
735,Port Macquarie,AU,2020-11-05 13:30:00,-31.43,152.92,60.01,69,43,1.01,scattered clouds,0.0,0.0
736,Shimokizukuri,JP,2020-11-05 13:30:00,40.81,140.39,50.0,75,20,10.29,few clouds,0.0,0.0
737,Boaco,NI,2020-11-05 13:30:01,12.47,-85.66,73.4,94,40,3.8,scattered clouds,0.0,0.0
738,Whitehorse,CA,2020-11-05 13:30:02,60.72,-135.05,1.99,64,90,12.75,light snow,0.0,0.0
739,Boyolangu,ID,2020-11-05 13:30:03,-8.12,111.89,78.03,87,100,4.54,overcast clouds,0.0,0.0
740,Yangi Marg`ilon,UZ,2020-11-05 13:30:04,40.43,71.72,57.2,28,0,1.21,haze,0.0,0.0
741,Cooma,AU,2020-11-05 13:30:05,-36.23,149.13,42.8,93,90,11.41,overcast clouds,0.0,0.0
742,Roald,NO,2020-11-05 13:30:06,62.58,6.13,52.0,87,75,24.16,broken clouds,0.0,0.0
743,Aswān,EG,2020-11-05 13:30:07,24.09,32.91,83.71,21,60,11.48,broken clouds,0.0,0.0
744,Bangolo,CI,2020-11-05 13:30:08,7.01,-7.47,93.78,41,9,4.27,clear sky,0.0,0.0
745,Bhachāu,IN,2020-11-05 13:30:09,23.28,70.35,84.09,38,0,6.71,clear sky,0.0,0.0
746,Marsh Harbour,BS,2020-11-05 13:30:10,26.54,-77.06,78.22,75,77,27.58,broken clouds,0.0,0.0
747,Cervo,ES,2020-11-05 13:30:10,43.67,-7.41,57.99,79,69,5.01,broken clouds,0.0,0.0
748,Agüimes,ES,2020-11-05 13:30:11,27.91,-15.45,71.01,68,75,11.41,broken clouds,0.0,0.0
749,Marolambo,MG,2020-11-05 13:30:11,-20.05,48.12,76.6,66,0,6.58,clear sky,0.0,0.0
750,Shakiso,ET,2020-11-05 13:30:12,5.75,38.92,70.11,75,59,6.67,broken clouds,0.0,0.0
751,Huai Thalaeng,TH,2020-11-05 13:30:13,15.0,102.65,80.01,99,53,5.37,light rain,0.27,0.0
752,Amahai,ID,2020-11-05 13:30:13,-3.33,128.92,82.99,89,53,1.01,broken clouds,0.0,0.0
753,Morón,AR,2020-11-05 13:30:13,-34.65,-58.62,66.99,48,0,16.11,clear sky,0.0,0.0
754,Safi,MA,2020-11-05 13:30:13,32.3,-9.24,66.13,74,100,22.46,overcast clouds,0.0,0.0
755,Kayasula,RU,2020-11-05 13:30:13,44.33,45.0,55.35,45,33,3.06,scattered clouds,0.0,0.0
756,Lukang,TW,2020-11-05 13:30:14,24.06,120.44,73.99,83,40,6.93,scattered clouds,0.0,0.0
757,Dunedin,NZ,2020-11-05 13:30:15,-45.87,170.5,50.0,87,100,6.24,overcast clouds,0.0,0.0
758,Banda Aceh,ID,2020-11-05 13:26:23,5.56,95.32,80.94,80,100,9.89,overcast clouds,0.0,0.0
759,Troitskoye,RU,2020-11-05 13:30:16,52.98,84.68,35.26,83,100,15.46,overcast clouds,0.0,0.0
760,Kita,ML,2020-11-05 13:30:16,13.03,-9.49,101.52,16,0,3.83,clear sky,0.0,0.0
761,Ossora,RU,2020-11-05 13:30:16,59.24,163.07,31.46,90,5,7.09,clear sky,0.0,0.0
762,Buriti dos Lopes,BR,2020-11-05 13:30:17,-3.17,-41.87,93.97,43,11,8.61,few clouds,0.0,0.0
763,Hirado,JP,2020-11-05 13:30:17,33.36,129.55,57.2,71,0,4.7,clear sky,0.0,0.0
764,Harlingen,US,2020-11-05 13:30:18,26.19,-97.7,64.4,100,1,4.7,clear sky,0.0,0.0
765,Ormara,PK,2020-11-05 13:30:18,25.21,64.64,77.56,66,0,8.88,clear sky,0.0,0.0
766,Presidencia Roque Sáenz Peña,AR,2020-11-05 13:30:19,-26.79,-60.44,79.5,31,4,8.75,clear sky,0.0,0.0
767,Luwuk,ID,2020-11-05 13:30:19,-0.95,122.79,79.29,74,3,1.59,clear sky,0.0,0.0
768,Tapes,BR,2020-11-05 13:30:19,-30.67,-51.4,67.87,69,51,15.61,broken clouds,0.0,0.0
769,Mnogovershinnyy,RU,2020-11-05 13:30:20,53.94,139.92,20.77,94,99,20.62,overcast clouds,0.0,0.0
770,Muroto-misakicho,JP,2020-11-05 13:30:20,33.28,134.15,62.98,59,2,1.41,clear sky,0.0,0.0
771,Bilma,NE,2020-11-05 13:30:21,18.69,12.92,88.09,13,0,4.18,clear sky,0.0,0.0
772,Kysyl-Syr,RU,2020-11-05 13:30:21,63.9,122.76,0.34,92,100,4.36,overcast clouds,0.0,0.0
773,Tomohon,ID,2020-11-05 13:30:22,1.33,124.84,77.0,94,20,1.12,few clouds,0.0,0.0
774,Yala,TH,2020-11-05 13:30:22,6.33,101.25,75.38,90,100,0.89,overcast clouds,0.0,0.0
775,Kampong Thom,KH,2020-11-05 13:25:36,12.71,104.89,77.5,83,100,5.12,overcast clouds,0.0,0.0
776,Limbdi,IN,2020-11-05 13:30:23,22.57,71.8,83.5,29,0,0.83,clear sky,0.0,0.0
777,Manggar,ID,2020-11-05 13:30:23,-2.88,108.27,80.31,84,100,6.8,overcast clouds,0.0,0.0
778,Tergnier,FR,2020-11-05 13:30:24,49.66,3.3,54.0,61,0,1.99,clear sky,0.0,0.0
779,Bariloche,AR,2020-11-05 13:27:58,-41.15,-71.31,48.2,57,40,26.4,scattered clouds,0.0,0.0
780,Inhambane,MZ,2020-11-05 13:30:25,-23.86,35.38,84.2,70,40,16.11,scattered clouds,0.0,0.0
781,Limbang,MY,2020-11-05 13:30:25,4.75,115.0,77.0,94,75,2.24,broken clouds,0.0,0.0
782,Mitsamiouli,KM,2020-11-05 13:30:26,-11.38,43.28,79.7,70,46,4.09,scattered clouds,0.0,0.0
783,Mokrousovo,RU,2020-11-05 13:30:26,55.81,66.77,33.55,93,100,6.02,overcast clouds,0.0,0.0
784,Sarkand,KZ,2020-11-05 13:30:26,45.41,79.92,41.81,55,41,1.74,scattered clouds,0.0,0.0
785,Fougamou,GA,2020-11-05 13:30:27,-1.22,10.58,86.0,70,75,1.07,broken clouds,0.0,0.0
786,Yankton,US,2020-11-05 13:30:27,42.87,-97.4,51.01,70,1,9.17,clear sky,0.0,0.0
787,Marabba,SD,2020-11-05 13:30:27,12.35,32.18,98.69,19,100,11.43,overcast clouds,0.0,0.0
788,Thanh Hoa,VN,2020-11-05 13:30:27,19.8,105.77,72.61,87,80,2.48,broken clouds,0.0,0.0
789,Tecpan,GT,2020-11-05 13:30:28,14.76,-90.99,64.99,93,75,9.17,light intensity drizzle,0.0,0.0
790,Hunterville,NZ,2020-11-05 13:30:28,-39.93,175.57,60.01,90,87,2.64,overcast clouds,0.0,0.0
791,Ayagoz,KZ,2020-11-05 13:30:28,47.97,80.44,31.73,77,0,5.84,clear sky,0.0,0.0
792,Zarasai,LT,2020-11-05 13:30:29,55.73,26.25,46.94,76,100,14.9,overcast clouds,0.0,0.0
793,Litovko,RU,2020-11-05 13:30:29,49.24,135.17,27.12,83,90,11.1,overcast clouds,0.0,0.0
794,Rio Grande,BR,2020-11-05 13:30:30,-32.03,-52.1,71.6,56,75,16.11,broken clouds,0.0,0.0
795,Tiarei,PF,2020-11-05 13:30:31,-17.53,-149.33,78.8,74,75,12.75,broken clouds,0.0,0.0
796,Lazurne,UA,2020-11-05 13:30:31,46.08,32.53,50.0,87,90,11.18,overcast clouds,0.0,0.0
797,Mocuba,MZ,2020-11-05 13:30:31,-16.84,36.99,101.82,20,0,9.08,clear sky,0.0,0.0
798,Mananjary,MG,2020-11-05 13:30:32,-21.22,48.33,76.84,78,73,13.69,broken clouds,0.0,0.0
799,Soyo,AO,2020-11-05 13:30:32,-6.13,12.37,81.27,74,98,11.88,overcast clouds,0.0,0.0
800,Kouroussa,GN,2020-11-05 13:30:33,10.65,-9.88,94.21,30,0,5.68,clear sky,0.0,0.0
801,Ponnāni,IN,2020-11-05 13:30:34,10.77,75.93,75.2,94,75,3.15,heavy intensity rain,4.21,0.0
802,Micomeseng,GQ,2020-11-05 13:30:35,2.15,10.62,81.97,74,69,1.83,light rain,1.0,0.0
803,Dubovyy Umët,RU,2020-11-05 13:30:35,52.98,50.29,33.8,100,90,2.24,fog,0.42,0.0
804,Trincomalee,LK,2020-11-05 13:30:36,8.57,81.23,83.21,76,0,10.71,light rain,0.92,0.0
805,Villaviciosa,ES,2020-11-05 13:30:36,43.48,-5.44,59.0,69,2,10.2,clear sky,0.0,0.0
806,Mamlyutka,KZ,2020-11-05 13:30:37,54.94,68.54,34.77,90,82,6.62,broken clouds,0.0,0.0
807,Yaypan,UZ,2020-11-05 13:30:37,40.38,70.82,54.19,32,0,2.04,clear sky,0.0,0.0
808,Umluj,SA,2020-11-05 13:30:38,25.02,37.27,80.67,49,39,10.85,scattered clouds,0.0,0.0
809,Lanxi,CN,2020-11-05 13:30:38,29.22,119.48,59.0,77,0,3.18,clear sky,0.0,0.0
810,Namtsy,RU,2020-11-05 13:30:38,62.72,129.67,5.0,92,40,4.47,light shower snow,0.0,0.0
811,Mazagão,BR,2020-11-05 13:30:39,-0.12,-51.29,86.0,79,75,2.24,heavy intensity rain,7.49,0.0
812,Kirkwood,US,2020-11-05 13:27:54,38.58,-90.41,55.99,66,75,6.24,broken clouds,0.0,0.0
813,Bambamarca,PE,2020-11-05 13:30:41,-6.68,-78.53,60.8,55,0,1.12,clear sky,0.0,0.0
814,Paraty,BR,2020-11-05 13:30:42,-23.22,-44.71,71.6,64,75,5.82,heavy intensity rain,5.73,0.0
815,Āsosa,ET,2020-11-05 13:30:42,10.07,34.53,76.08,70,0,3.2,clear sky,0.0,0.0
816,Lucea,JM,2020-11-05 13:30:43,18.45,-78.17,77.0,83,90,8.05,overcast clouds,0.0,0.0
817,El Rincón,HN,2020-11-05 13:30:43,14.58,-87.93,62.6,93,97,0.43,overcast clouds,0.0,0.0
818,Sisimiut,GL,2020-11-05 13:30:43,66.94,-53.67,21.74,92,100,13.04,snow,0.0,0.54
819,Hulan Ergi,CN,2020-11-05 13:30:44,47.2,123.63,31.35,84,57,8.34,broken clouds,0.0,0.0
820,Panguna,PG,2020-11-05 13:30:44,-6.32,155.48,69.15,96,100,1.05,overcast clouds,0.0,0.0
821,Suntar,RU,2020-11-05 13:30:45,62.14,117.63,6.84,95,58,1.95,broken clouds,0.0,0.0
822,Chamba,IN,2020-11-05 13:30:45,32.57,76.13,56.05,38,0,6.13,clear sky,0.0,0.0
823,Lethem,GY,2020-11-05 13:30:46,3.38,-59.8,77.0,94,20,11.41,few clouds,0.0,0.0
824,Soledade,BR,2020-11-05 13:30:46,-28.82,-52.51,64.71,51,0,9.01,clear sky,0.0,0.0
825,Diego de Almagro,CL,2020-11-05 13:30:46,-26.37,-70.05,76.82,22,0,6.67,clear sky,0.0,0.0
826,Shubarshi,KZ,2020-11-05 13:30:47,48.59,57.19,52.66,39,78,7.81,broken clouds,0.0,0.0
827,Luján,AR,2020-11-05 13:30:47,-34.57,-59.1,69.01,51,4,8.01,clear sky,0.0,0.0
828,Chadiza,ZM,2020-11-05 13:30:47,-14.07,32.44,93.87,16,0,9.31,clear sky,0.0,0.0
829,Karasjok,NO,2020-11-05 13:30:48,69.47,25.51,41.0,94,0,28.86,clear sky,0.0,0.0
830,Pierre,US,2020-11-05 13:30:48,44.37,-100.35,42.8,60,1,5.82,clear sky,0.0,0.0
831,Burns Lake,CA,2020-11-05 13:30:48,54.23,-125.75,33.8,81,100,3.36,overcast clouds,0.0,0.0
832,Oddur,SO,2020-11-05 13:30:49,4.12,43.89,81.37,65,49,7.47,light rain,0.66,0.0
833,Mudgee,AU,2020-11-05 13:30:49,-32.59,149.59,51.8,81,75,5.82,broken clouds,0.0,0.0
834,Kamenskiy,RU,2020-11-05 13:30:50,50.89,45.49,43.84,67,90,3.22,overcast clouds,0.0,0.0
835,Great Bend,US,2020-11-05 13:30:50,38.36,-98.76,48.99,75,1,3.36,clear sky,0.0,0.0
836,Kushmurun,KZ,2020-11-05 13:30:50,52.45,64.63,42.89,73,79,10.83,broken clouds,0.0,0.0
837,Tshikapa,CD,2020-11-05 13:30:51,-6.42,20.8,87.12,64,89,2.64,overcast clouds,0.0,0.0
838,Baykit,RU,2020-11-05 13:30:51,61.67,96.37,9.52,89,100,8.14,overcast clouds,0.0,0.0
839,Uren',RU,2020-11-05 13:30:52,57.46,45.79,42.64,91,100,8.1,overcast clouds,0.0,0.0
840,Itoman,JP,2020-11-05 13:30:52,26.12,127.67,77.0,88,75,18.34,light intensity shower rain,0.26,0.0
841,Manokwari,ID,2020-11-05 13:30:52,-0.87,134.08,81.03,76,100,5.14,overcast clouds,0.0,0.0
842,Arrondissement d'Ajaccio,FR,2020-11-05 13:29:11,42.0,8.92,68.0,77,75,8.05,broken clouds,0.0,0.0
843,Ucluelet,CA,2020-11-05 13:30:53,48.93,-125.55,51.01,93,100,1.01,overcast clouds,0.0,0.0
844,Fare,PF,2020-11-05 13:30:53,-16.7,-151.02,79.93,78,0,16.33,light rain,0.33,0.0
845,Nālūt,LY,2020-11-05 13:30:54,30.33,10.85,79.48,21,95,4.63,overcast clouds,0.0,0.0
846,Ginir,ET,2020-11-05 13:30:54,7.13,40.7,67.66,73,65,9.06,light rain,0.12,0.0
847,Cassilândia,BR,2020-11-05 13:30:55,-19.11,-51.73,87.96,24,0,5.32,clear sky,0.0,0.0
848,Nortelândia,BR,2020-11-05 13:30:55,-14.45,-56.8,95.54,33,40,3.33,scattered clouds,0.0,0.0
849,Shimoda,JP,2020-11-05 13:30:55,34.67,138.95,59.14,62,0,3.44,clear sky,0.0,0.0
850,Darasun,RU,2020-11-05 13:30:56,51.67,114.0,21.2,85,63,4.47,broken clouds,0.0,0.0
851,Nampula,MZ,2020-11-05 13:30:56,-15.12,39.27,93.2,26,0,12.75,clear sky,0.0,0.0
852,Saryg-Sep,RU,2020-11-05 13:30:57,51.5,95.6,24.46,97,100,2.15,light snow,0.0,0.5
853,Luanda,AO,2020-11-05 13:30:57,-8.84,13.23,84.2,70,40,6.93,scattered clouds,0.0,0.0
854,Valerianovsk,RU,2020-11-05 13:30:57,58.76,59.55,35.29,91,100,7.05,overcast clouds,0.0,0.0
855,Rohru,IN,2020-11-05 13:30:57,31.22,77.75,46.6,51,0,2.46,clear sky,0.0,0.0
856,Neenah,US,2020-11-05 13:30:58,44.19,-88.46,48.99,66,40,8.05,scattered clouds,0.0,0.0
857,Nhulunbuy,AU,2020-11-05 13:30:58,-12.23,136.77,80.6,78,0,4.7,clear sky,0.0,0.0
858,Boli,CN,2020-11-05 13:30:59,45.77,130.52,31.62,96,0,4.25,clear sky,0.0,0.0
859,Dzaoudzi,YT,2020-11-05 13:30:59,-12.79,45.27,84.2,66,0,3.36,clear sky,0.0,0.0
860,Thai Binh,VN,2020-11-05 13:31:00,20.45,106.33,75.2,78,48,4.7,scattered clouds,0.0,0.0
861,Laas,IT,2020-11-05 13:31:00,46.62,10.7,64.0,70,20,9.17,few clouds,0.0,0.0
862,Poptún,GT,2020-11-05 13:31:01,16.33,-89.42,68.77,100,100,7.36,moderate rain,1.8,0.0
863,Jalingo,NG,2020-11-05 13:31:01,8.88,11.37,97.48,22,87,7.92,overcast clouds,0.0,0.0
864,Kutum,SD,2020-11-05 13:31:01,14.2,24.67,84.18,16,100,8.95,overcast clouds,0.0,0.0
865,Sungai Penuh,ID,2020-11-05 13:31:02,-2.08,101.38,66.79,93,100,1.19,light rain,0.56,0.0
866,Simplício Mendes,BR,2020-11-05 13:31:02,-7.85,-41.91,84.97,59,29,6.91,scattered clouds,0.0,0.0
867,Workington,GB,2020-11-05 13:31:02,54.64,-3.54,48.99,94,94,5.01,overcast clouds,0.0,0.0
868,Micheweni,TZ,2020-11-05 13:31:03,-4.97,39.83,80.17,76,98,11.36,overcast clouds,0.0,0.0
869,Rodrigues Alves,BR,2020-11-05 13:31:03,-7.74,-72.65,87.91,54,100,1.88,moderate rain,3.158,0.0
870,Bushehr,IR,2020-11-05 13:31:03,28.97,50.84,84.2,45,0,9.17,clear sky,0.0,0.0
871,High Level,CA,2020-11-05 13:29:35,58.52,-117.14,15.8,85,90,12.75,light snow,0.0,0.0
872,Tingi,TZ,2020-11-05 13:31:04,-11.3,35.03,81.97,35,0,8.16,clear sky,0.0,0.0
873,Andenes,NO,2020-11-05 13:31:04,69.31,16.12,41.0,80,75,33.33,shower rain,0.0,0.0
874,Vallenar,CL,2020-11-05 13:31:04,-28.57,-70.76,74.35,36,0,5.3,clear sky,0.0,0.0
875,Sassandra,CI,2020-11-05 13:31:04,4.95,-6.08,85.3,68,45,8.03,light rain,0.28,0.0
876,Northam,GB,2020-11-05 13:28:17,51.03,-4.22,55.0,86,0,4.0,clear sky,0.0,0.0
877,Makurdi,NG,2020-11-05 13:31:05,7.74,8.51,95.16,35,77,4.74,broken clouds,0.0,0.0
878,Walvis Bay,NA,2020-11-05 13:31:05,-22.96,14.51,73.4,53,0,10.29,clear sky,0.0,0.0
879,Kabelvåg,NO,2020-11-05 13:31:05,68.21,14.48,42.8,70,75,41.38,broken clouds,0.0,0.0
880,Voh,NC,2020-11-05 13:31:05,-20.97,164.7,72.79,87,5,2.17,clear sky,0.0,0.0
881,Gumia,IN,2020-11-05 13:31:06,23.78,85.82,70.74,40,8,4.0,clear sky,0.0,0.0
882,Aketi,CD,2020-11-05 13:31:06,2.74,23.78,82.53,87,100,1.9,light rain,0.89,0.0
883,Inuvik,CA,2020-11-05 13:31:06,68.35,-133.72,1.4,77,77,3.36,broken clouds,0.0,0.0
884,Leshukonskoye,RU,2020-11-05 13:31:07,64.9,45.76,38.55,84,95,7.74,overcast clouds,0.0,0.0
885,Mpulungu,ZM,2020-11-05 13:31:07,-8.76,31.11,85.06,37,100,0.54,overcast clouds,0.0,0.0
886,Samarai,PG,2020-11-05 13:31:07,-10.62,150.67,79.81,87,82,7.74,broken clouds,0.0,0.0
887,Emerald,AU,2020-11-05 13:31:07,-23.53,148.17,79.0,50,0,6.93,light rain,0.13,0.0
888,Hanstholm,DK,2020-11-05 13:31:08,57.12,8.62,54.0,64,89,1.99,overcast clouds,0.0,0.0
889,Tondano,ID,2020-11-05 13:31:08,1.3,124.91,77.0,94,20,1.12,few clouds,0.0,0.0
890,Catuday,PH,2020-11-05 13:31:08,16.29,119.81,79.34,80,100,6.71,light rain,0.11240000000000001,0.0
891,Oleksandrivka,UA,2020-11-05 13:31:09,46.84,32.76,50.0,87,90,11.18,overcast clouds,0.0,0.0
892,Hornepayne,CA,2020-11-05 13:31:09,49.21,-84.77,37.35,93,100,6.53,overcast clouds,0.0,0.0
893,Pāsighāt,IN,2020-11-05 13:31:09,28.07,95.33,66.7,74,0,3.4,clear sky,0.0,0.0
894,Sechura,PE,2020-11-05 13:31:09,-5.56,-80.82,67.51,69,39,9.13,scattered clouds,0.0,0.0
895,Kasane,BW,2020-11-05 13:31:10,-17.82,25.15,89.6,38,20,6.93,few clouds,0.0,0.0
896,Portree,GB,2020-11-05 13:31:10,57.41,-6.19,54.0,80,31,18.01,scattered clouds,0.0,0.0
897,Cowra,AU,2020-11-05 13:31:10,-33.83,148.68,43.0,93,0,1.99,clear sky,0.0,0.0
898,Mashhad,IR,2020-11-05 13:31:10,36.3,59.61,64.4,20,0,6.93,clear sky,0.0,0.0
899,Pokrovskoye,RU,2020-11-05 13:31:11,47.42,38.9,54.46,55,0,8.79,clear sky,0.0,0.0
900,Kallaste,EE,2020-11-05 13:31:11,58.66,27.16,48.2,76,90,17.22,overcast clouds,0.0,0.0
901,Santo Ângelo,BR,2020-11-05 13:29:48,-28.3,-54.26,70.0,36,6,5.99,clear sky,0.0,0.0
902,Zhigalovo,RU,2020-11-05 13:31:11,54.81,105.16,25.36,95,100,8.05,light snow,0.0,0.16
903,Eldorado,BR,2020-11-05 13:31:11,-23.79,-54.28,79.02,46,0,8.25,clear sky,0.0,0.0
904,Dergachi,RU,2020-11-05 13:31:12,51.23,48.77,49.57,71,100,3.51,overcast clouds,0.0,0.0
905,Songjianghe,CN,2020-11-05 13:31:12,42.19,127.48,38.35,88,78,8.43,broken clouds,0.0,0.0
906,Mpika,ZM,2020-11-05 13:31:12,-11.83,31.45,87.84,16,38,8.01,scattered clouds,0.0,0.0
907,Quelimane,MZ,2020-11-05 13:31:12,-17.88,36.89,95.0,52,20,20.8,few clouds,0.0,0.0
908,Mosina,PL,2020-11-05 13:31:12,52.25,16.85,52.0,81,40,11.41,scattered clouds,0.0,0.0
909,Beyneu,KZ,2020-11-05 13:31:13,45.32,55.2,52.32,41,94,12.59,overcast clouds,0.0,0.0
910,Chauk,MM,2020-11-05 13:31:13,20.88,94.82,81.1,67,0,1.63,clear sky,0.0,0.0
911,Khanu Woralaksaburi,TH,2020-11-05 13:31:13,16.06,99.86,75.88,85,2,3.8,clear sky,0.0,0.0
912,San Miguelito,PA,2020-11-05 13:31:13,9.03,-79.5,82.0,78,40,11.41,scattered clouds,0.0,0.0
913,Yazman,PK,2020-11-05 13:31:13,29.12,71.74,72.27,21,0,2.8,clear sky,0.0,0.0
914,Tarbert,GB,2020-11-05 13:31:14,55.86,-5.42,55.0,93,90,13.87,overcast clouds,0.0,0.0
915,Goulouré,BF,2020-11-05 13:31:14,12.23,-1.93,96.8,20,100,11.41,overcast clouds,0.0,0.0
916,Senno,RU,2020-11-05 13:31:15,59.53,33.92,44.26,75,100,14.47,light rain,0.999,0.0
917,Kroonstad,ZA,2020-11-05 13:31:15,-27.65,27.23,68.95,64,53,12.28,light rain,1.0,0.0
918,La Serena,CL,2020-11-05 13:29:38,-29.91,-71.25,60.8,72,0,4.7,clear sky,0.0,0.0
919,Hervey Bay,AU,2020-11-05 13:31:16,-25.3,152.85,77.0,80,0,3.0,clear sky,0.0,0.0
920,Bima,ID,2020-11-05 13:31:16,-8.47,118.72,79.83,82,4,3.31,clear sky,0.0,0.0
921,Ciudad Bolivar,VE,2020-11-05 13:31:16,8.12,-63.55,83.05,73,48,8.48,light rain,0.26,0.0
922,Caconda,AO,2020-11-05 13:31:16,-13.73,15.07,67.05,74,100,6.67,moderate rain,1.1,0.0
923,Tupelo,US,2020-11-05 13:31:17,34.26,-88.7,46.4,87,1,3.36,clear sky,0.0,0.0
924,Neuquén,AR,2020-11-05 13:27:24,-38.95,-68.06,62.6,33,0,13.87,clear sky,0.0,0.0
925,Borovoy,RU,2020-11-05 13:31:17,55.43,86.08,33.8,96,90,15.66,light snow,0.0,0.0
926,Väike-Maarja,EE,2020-11-05 13:31:17,59.13,26.25,46.4,83,100,16.33,overcast clouds,0.0,0.0
927,Kuito,AO,2020-11-05 13:31:18,-12.38,16.93,80.6,34,40,9.17,scattered clouds,0.0,0.0
928,Oudtshoorn,ZA,2020-11-05 13:31:18,-33.59,22.2,69.8,88,20,6.93,few clouds,0.0,0.0
929,Darlawn,IN,2020-11-05 13:31:18,24.02,92.9,60.48,100,0,1.14,clear sky,0.0,0.0
930,Koulamoutou,GA,2020-11-05 13:31:19,-1.13,12.47,71.6,100,75,2.68,light rain,0.0,0.0
931,Songyang,CN,2020-11-05 13:31:19,34.46,113.03,62.01,99,83,2.04,broken clouds,0.0,0.0
932,Rincon,US,2020-11-05 13:30:16,32.3,-81.24,62.6,77,75,4.7,broken clouds,0.0,0.0
933,Birao,CF,2020-11-05 13:31:19,10.28,22.79,96.44,20,92,8.95,overcast clouds,0.0,0.0
934,Majene,ID,2020-11-05 13:31:20,-3.54,118.97,77.38,91,100,1.74,heavy intensity rain,5.13,0.0
935,Saint Johnsbury,US,2020-11-05 13:29:58,44.42,-72.02,39.2,86,70,4.5,broken clouds,0.0,0.0
936,Sochi,RU,2020-11-05 13:30:41,43.6,39.73,66.2,77,40,4.47,scattered clouds,0.0,0.0
937,Pemberton,CA,2020-11-05 13:31:21,50.32,-122.8,46.99,85,100,9.1,overcast clouds,0.0,0.0
938,Sheridan,US,2020-11-05 13:31:21,44.83,-106.92,50.0,64,1,3.36,clear sky,0.0,0.0
939,Malakal,SS,2020-11-05 13:31:22,9.53,31.66,95.86,27,0,4.65,clear sky,0.0,0.0
940,Fomboni,KM,2020-11-05 13:31:22,-12.28,43.74,79.97,69,0,7.02,clear sky,0.0,0.0
941,Issa,RU,2020-11-05 13:31:22,53.87,44.86,42.75,90,64,7.38,broken clouds,0.0,0.0
942,Solnechnyy,RU,2020-11-05 13:31:22,50.72,136.63,21.87,85,51,4.25,broken clouds,0.0,0.0
943,Wana,PK,2020-11-05 13:31:22,32.3,69.57,55.42,34,0,3.2,clear sky,0.0,0.0
944,Japura,ID,2020-11-05 13:31:23,-0.32,102.35,75.78,93,88,2.91,overcast clouds,0.0,0.0
945,Nyrob,RU,2020-11-05 13:31:23,60.73,56.72,37.47,94,100,11.43,light rain,0.74,0.0
946,Krasnokamensk,RU,2020-11-05 13:31:24,50.1,118.04,25.03,98,100,1.97,light snow,0.0,0.21
947,Viedma,AR,2020-11-05 13:31:24,-40.81,-63.0,70.45,23,0,15.32,clear sky,0.0,0.0
948,Listvyanka,RU,2020-11-05 13:31:24,51.85,104.87,24.8,100,20,8.95,few clouds,0.0,0.0
949,Linxia Chengguanzhen,CN,2020-11-05 13:31:24,35.6,103.21,39.92,64,100,5.73,overcast clouds,0.0,0.0
950,Chapeltown,GB,2020-11-05 13:31:24,53.47,-1.47,54.0,80,98,1.99,overcast clouds,0.0,0.0
951,Kifrī,IQ,2020-11-05 13:31:25,34.7,44.97,78.84,19,95,8.55,overcast clouds,0.0,0.0
952,Egvekinot,RU,2020-11-05 13:31:25,66.32,-179.17,29.68,100,100,15.35,overcast clouds,0.0,0.0
953,Oranjestad,AW,2020-11-05 13:30:11,12.52,-70.03,84.2,70,75,18.34,broken clouds,0.0,0.0
954,Borodino,RU,2020-11-05 13:31:25,55.91,94.9,30.92,98,100,22.28,overcast clouds,0.0,0.0
955,Kui Buri,TH,2020-11-05 13:31:26,12.08,99.85,78.04,83,100,5.03,overcast clouds,0.0,0.0
956,Imbituba,BR,2020-11-05 13:31:26,-28.24,-48.67,68.0,42,40,9.17,light rain,0.18,0.0
957,Ogdensburg,US,2020-11-05 13:31:26,44.69,-75.49,55.99,47,1,12.75,clear sky,0.0,0.0
958,Santoña,ES,2020-11-05 13:31:26,43.44,-3.46,60.8,63,0,13.87,clear sky,0.0,0.0
959,Kayerkan,RU,2020-11-05 13:31:26,69.35,87.76,1.4,84,0,2.24,clear sky,0.0,0.0
960,Homer,US,2020-11-05 13:31:27,59.64,-151.55,19.4,57,1,10.29,clear sky,0.0,0.0
961,Point Pedro,LK,2020-11-05 13:31:27,9.82,80.23,82.78,78,63,8.68,broken clouds,0.0,0.0
962,Altamira,BR,2020-11-05 13:31:27,-3.2,-52.21,80.6,88,90,8.05,overcast clouds,0.0,0.0
963,Anguillara Sabazia,IT,2020-11-05 13:31:27,42.09,12.28,68.0,64,20,3.36,few clouds,0.0,0.0
964,Coahuayana Viejo,MX,2020-11-05 13:31:28,18.73,-103.68,69.8,49,40,23.04,scattered clouds,0.0,0.0
965,Placer,US,2020-11-05 13:31:28,39.07,-120.77,59.0,28,0,4.0,clear sky,0.0,0.0
966,Shache,CN,2020-11-05 13:31:28,38.42,77.24,39.63,66,0,3.53,clear sky,0.0,0.0
967,Puerto Madero,MX,2020-11-05 13:31:28,14.72,-92.42,77.0,100,75,7.11,broken clouds,0.0,0.0
968,Nouakchott,MR,2020-11-05 13:31:28,18.09,-15.98,89.6,38,33,4.7,scattered clouds,0.0,0.0
969,Verkhnevilyuysk,RU,2020-11-05 13:31:29,63.45,120.32,-2.9,92,57,3.49,broken clouds,0.0,0.0
970,Sarakhs,IR,2020-11-05 13:31:29,36.54,61.16,71.6,15,0,4.63,clear sky,0.0,0.0
971,Denpasar,ID,2020-11-05 13:30:19,-8.65,115.22,79.93,84,65,3.89,broken clouds,0.0,0.0
972,Kawalu,ID,2020-11-05 13:31:29,-7.38,108.21,72.88,92,100,0.94,moderate rain,1.2154,0.0
973,Poya,NC,2020-11-05 13:31:30,-21.35,165.15,73.65,85,1,3.85,clear sky,0.0,0.0
974,Takaka,NZ,2020-11-05 13:31:30,-40.85,172.8,57.99,91,100,1.99,overcast clouds,0.0,0.0
975,Portland,US,2020-11-05 13:21:37,45.52,-122.68,60.01,91,100,1.01,overcast clouds,0.0,0.0
976,Arica,CL,2020-11-05 13:30:13,-18.48,-70.3,64.4,68,0,8.05,clear sky,0.0,0.0
977,Ozernovskiy,RU,2020-11-05 13:31:30,51.5,156.52,35.96,91,100,32.64,overcast clouds,0.0,0.0
978,Athabasca,CA,2020-11-05 13:31:31,54.72,-113.29,32.0,86,100,6.93,light rain,0.87,0.0
979,Strezhevoy,RU,2020-11-05 13:31:31,60.73,77.59,35.6,93,90,8.95,light intensity drizzle,0.0,0.0
980,Redmond,US,2020-11-05 13:27:46,47.67,-122.12,57.99,90,100,10.38,overcast clouds,0.0,0.0
981,Chibuto,MZ,2020-11-05 13:31:31,-24.69,33.53,96.75,26,71,11.5,broken clouds,0.0,0.0
982,Gizo Government Station,SB,2020-11-05 13:31:32,-8.1,156.84,83.21,74,100,8.7,light rain,0.7,0.0
983,Poso,ID,2020-11-05 13:31:32,-1.4,120.75,84.0,69,96,4.83,moderate rain,1.44,0.0
984,Akdepe,TM,2020-11-05 13:31:32,42.06,59.38,59.0,28,0,6.93,clear sky,0.0,0.0
985,Maisach,DE,2020-11-05 13:31:33,48.22,11.27,52.0,71,40,8.05,scattered clouds,0.0,0.0
986,Ben Gardane,TN,2020-11-05 13:31:34,33.14,11.22,78.06,45,95,10.8,overcast clouds,0.0,0.0
987,Nísia Floresta,BR,2020-11-05 13:31:34,-6.09,-35.21,86.0,66,75,17.22,broken clouds,0.0,0.0
988,Diplo,PK,2020-11-05 13:31:34,24.47,69.58,80.6,52,0,14.47,clear sky,0.0,0.0
989,Lufilufi,WS,2020-11-05 13:31:35,-13.87,-171.6,77.0,94,75,4.7,broken clouds,0.0,0.0
990,Sørland,NO,2020-11-05 13:31:35,67.67,12.69,42.8,70,75,41.38,broken clouds,0.0,0.0
991,Antofagasta,CL,2020-11-05 13:28:02,-23.65,-70.4,60.8,67,40,9.17,scattered clouds,0.0,0.0
992,Djibouti,DJ,2020-11-05 13:31:35,11.5,42.5,84.2,62,1,10.29,clear sky,0.0,0.0
993,Amga,RU,2020-11-05 13:31:36,60.9,131.96,6.33,94,100,3.94,overcast clouds,0.0,0.0
994,Alice Springs,AU,2020-11-05 13:31:36,-23.7,133.88,73.4,25,0,9.17,clear sky,0.0,0.0
995,Willowmore,ZA,2020-11-05 13:31:36,-33.29,23.49,76.46,40,100,17.09,overcast clouds,0.0,0.0
996,Inndyr,NO,2020-11-05 13:31:37,67.03,14.03,43.0,81,75,40.26,shower rain,0.0,0.0
997,Anzio,IT,2020-11-05 13:31:37,41.49,12.62,68.0,77,75,3.36,broken clouds,0.0,0.0
998,Baruun-Urt,MN,2020-11-05 13:31:37,46.68,113.28,28.65,87,0,15.88,clear sky,0.0,0.0
999,Villazón,BO,2020-11-05 13:31:37,-22.09,-65.59,60.21,33,0,1.16,clear sky,0.0,0.0
1000,Lamar,US,2020-11-05 13:31:38,33.67,-95.58,57.0,100,90,5.82,mist,0.0,0.0
1001,Conakry,GN,2020-11-05 13:31:38,9.54,-13.68,89.6,59,40,6.93,scattered clouds,0.0,0.0
1002,Ust'-Kut,RU,2020-11-05 13:31:38,56.79,105.77,25.79,96,100,8.41,light snow,0.0,0.23
1003,Kuliyapitiya,LK,2020-11-05 13:31:39,7.47,80.04,84.2,74,75,6.93,heavy intensity rain,7.78,0.0
1004,Ibrā’,OM,2020-11-05 13:31:39,22.69,58.53,76.33,19,0,8.55,clear sky,0.0,0.0
1005,Berezovyy,RU,2020-11-05 13:31:39,51.67,135.7,21.09,86,93,10.02,overcast clouds,0.0,0.0
1006,Menongue,AO,2020-11-05 13:31:39,-14.66,17.69,88.83,24,71,5.95,broken clouds,0.0,0.0
1007,Kjøllefjord,NO,2020-11-05 13:31:39,70.95,27.35,35.6,94,75,10.29,light intensity shower rain,0.17,0.0
1008,Saint-Raphaël,HT,2020-11-05 13:31:40,19.43,-72.2,77.0,78,75,2.24,broken clouds,0.0,0.0
1009,Synya,RU,2020-11-05 13:31:40,65.37,58.04,35.01,96,100,10.78,overcast clouds,0.0,0.0
1010,Malumfashi,NG,2020-11-05 13:31:40,11.79,7.62,91.81,21,90,15.77,overcast clouds,0.0,0.0
1011,Sterling,US,2020-11-05 13:30:06,39.01,-77.43,51.01,87,20,6.89,few clouds,0.0,0.0
1012,Black River,JM,2020-11-05 13:31:41,18.03,-77.85,77.0,83,90,8.05,overcast clouds,0.0,0.0
1013,Flin Flon,CA,2020-11-05 13:28:00,54.77,-101.86,19.4,79,90,6.93,overcast clouds,0.0,0.0
1014,Firminópolis,BR,2020-11-05 13:29:41,-16.58,-50.3,85.23,39,0,2.82,clear sky,0.0,0.0
1015,Strunga,RO,2020-11-05 13:31:41,47.17,26.98,48.99,88,100,11.01,overcast clouds,0.0,0.0
1016,Lucapa,AO,2020-11-05 13:31:42,-8.42,20.74,86.2,54,28,1.59,scattered clouds,0.0,0.0
1017,Santo Antônio,BR,2020-11-05 13:31:42,-6.31,-35.48,86.0,66,75,17.22,broken clouds,0.0,0.0
1018,Boo,SE,2020-11-05 13:31:42,59.33,18.28,54.0,71,0,13.87,clear sky,0.0,0.0
1019,Galveston,US,2020-11-05 13:31:42,29.37,-94.97,73.0,73,75,6.93,broken clouds,0.0,0.0
1020,Kolokani,ML,2020-11-05 13:31:42,13.57,-8.03,97.45,16,1,9.8,clear sky,0.0,0.0
1021,Roebourne,AU,2020-11-05 13:31:43,-20.78,117.13,82.62,40,0,15.12,light rain,0.133,0.0
1022,Batangafo,CF,2020-11-05 13:31:43,7.3,18.28,91.44,38,100,5.19,overcast clouds,0.0,0.0
