Id,City,Country,Latitude,Longitude,Time,Description,Max Temp,Humidity,Wind Speed,Cloudiness,Rain,Snow
0,Garoowe,SO,8.4054,48.4845,2021-04-18 15:28:30,clear sky,89.92,30,16.42,6,0,0
1,Vendas Novas,PT,38.6771,-8.4579,2021-04-18 15:28:30,few clouds,73.4,46,12.66,20,0,0
2,Butaritari,KI,3.0707,172.7902,2021-04-18 15:28:31,overcast clouds,82.38,76,12.97,96,0,0
3,Makakilo City,US,21.3469,-158.0858,2021-04-18 15:28:31,clear sky,69.8,77,4.61,1,0,0
4,Cap Malheureux,MU,-19.9842,57.6142,2021-04-18 15:28:32,overcast clouds,77.0,84,3.0,100,0,0
5,Katsuura,JP,35.1333,140.3,2021-04-18 15:28:32,few clouds,55.4,58,6.91,20,0,0
6,Puerto Ayora,EC,-0.7393,-90.3518,2021-04-18 15:26:03,broken clouds,78.8,89,9.22,75,0,0
7,Yellowknife,CA,62.456,-114.3525,2021-04-18 15:28:33,few clouds,30.2,80,4.61,20,0,0
8,Khatanga,RU,71.9667,102.5,2021-04-18 15:28:33,overcast clouds,1.85,95,8.68,100,0,0
9,Jamestown,US,42.097,-79.2353,2021-04-18 15:24:17,scattered clouds,54.0,57,9.22,40,0,0
10,Beringovskiy,RU,63.05,179.3167,2021-04-18 15:28:34,overcast clouds,27.79,98,6.24,100,0,0
11,Juba,SS,4.8517,31.5825,2021-04-18 15:28:34,overcast clouds,90.72,37,3.47,100,0,0
12,Kavieng,PG,-2.5744,150.7967,2021-04-18 15:28:34,light rain,81.99,76,9.42,90,0,0
13,Rikitea,PF,-23.1203,-134.9692,2021-04-18 15:28:35,clear sky,76.8,74,5.97,1,0,0
14,Ushuaia,AR,-54.8,-68.3,2021-04-18 15:28:36,clear sky,55.4,50,14.97,0,0,0
15,Khani,GE,41.9563,42.9566,2021-04-18 15:28:36,overcast clouds,71.6,53,6.91,90,0,0
16,Lagoa,PT,39.05,-27.9833,2021-04-18 15:28:36,overcast clouds,60.75,86,13.76,88,0,0
17,Novy Urengoy,RU,66.0833,76.6333,2021-04-18 15:28:37,scattered clouds,-6.9,96,10.22,50,0,0
18,Longyearbyen,SJ,78.2186,15.6401,2021-04-18 15:28:37,light snow,30.2,80,19.57,75,0,0
19,Sitka,US,57.0531,-135.33,2021-04-18 15:28:38,clear sky,44.6,76,7.7,1,0,0
20,Hithadhoo,MV,-0.6,73.0833,2021-04-18 15:28:38,clear sky,83.68,59,8.14,8,0,0
21,Aktau,KZ,43.65,51.2,2021-04-18 15:28:39,scattered clouds,53.6,82,4.47,40,0,0
22,Jalu,LY,29.0331,21.5482,2021-04-18 15:28:39,overcast clouds,102.81,6,6.38,100,0,0
23,São Filipe,CV,14.8961,-24.4956,2021-04-18 15:28:39,clear sky,72.86,75,12.1,1,0,0
24,Atuona,PF,-9.8,-139.0333,2021-04-18 15:28:40,light rain,80.26,75,16.73,100,0,0
25,Saint Paul Harbor,US,57.79,-152.4072,2021-04-18 15:28:40,light rain,42.8,81,10.36,90,0,0
26,San Policarpo,PH,12.1791,125.5072,2021-04-18 15:28:41,heavy intensity rain,76.82,90,30.96,100,0,0
27,Vaini,TO,-21.2,-175.2,2021-04-18 15:28:41,few clouds,69.8,88,10.58,20,0,0
28,Ponta do Sol,PT,32.6667,-17.1,2021-04-18 15:28:41,broken clouds,66.0,64,4.0,54,0,0
29,Hilo,US,19.7297,-155.09,2021-04-18 15:28:42,few clouds,68.0,77,5.75,20,0,0
30,Joshīmath,IN,30.5667,79.5667,2021-04-18 15:28:42,broken clouds,50.05,81,5.91,67,0,0
31,Saint-Pierre,RE,-21.3393,55.4781,2021-04-18 15:28:43,broken clouds,77.0,69,9.22,75,0,0
32,Luau,AO,-10.7073,22.2247,2021-04-18 15:28:43,broken clouds,76.32,71,3.4,65,0,0
33,California City,US,35.1258,-117.9859,2021-04-18 15:28:44,clear sky,64.99,14,16.11,1,0,0
34,Albany,US,42.6001,-73.9662,2021-04-18 15:28:31,broken clouds,53.01,75,4.0,79,0,0
35,Pacific Grove,US,36.6177,-121.9166,2021-04-18 15:25:46,mist,50.0,87,8.01,75,0,0
36,Busselton,AU,-33.65,115.3333,2021-04-18 15:28:44,clear sky,54.0,90,9.55,0,0,0
37,Rivadavia,AR,-33.1905,-68.4608,2021-04-18 15:28:45,clear sky,75.2,57,5.75,0,0,0
38,Taltal,CL,-25.4,-70.4833,2021-04-18 15:28:45,clear sky,69.19,67,6.15,4,0,0
39,Gouyave,GD,12.1646,-61.7296,2021-04-18 15:28:46,scattered clouds,87.8,58,26.46,40,0,0
40,Alta Floresta,BR,-9.8756,-56.0861,2021-04-18 15:28:46,broken clouds,82.4,78,3.44,75,0,0
41,Dikson,RU,73.5069,80.5464,2021-04-18 15:28:47,overcast clouds,-2.61,100,4.85,97,0,0
42,Punta Arenas,CL,-53.15,-70.9167,2021-04-18 15:28:47,clear sky,48.2,76,9.22,0,0,0
43,Hermanus,ZA,-34.4187,19.2345,2021-04-18 15:28:24,clear sky,75.99,45,6.29,9,0,0
44,East London,ZA,-33.0153,27.9116,2021-04-18 15:28:05,clear sky,78.8,47,6.91,0,0,0
45,Shangrao,CN,28.4532,117.9686,2021-04-18 15:28:48,overcast clouds,61.83,76,1.54,100,0,0
46,Kruisfontein,ZA,-34.0033,24.7314,2021-04-18 15:28:48,clear sky,78.01,35,1.01,0,0,0
47,Ust'-Ishim,RU,57.6935,71.1665,2021-04-18 15:28:49,scattered clouds,18.97,59,12.97,50,0,0
48,Hobart,AU,-42.8794,147.3294,2021-04-18 15:28:49,scattered clouds,55.4,62,13.8,40,0,0
49,Thompson,CA,55.7435,-97.8558,2021-04-18 15:28:50,few clouds,19.4,58,10.36,20,0,0
50,Bluff,NZ,-46.6,168.3333,2021-04-18 15:28:50,overcast clouds,55.0,86,7.0,85,0,0
51,Ipixuna,BR,-1.7625,-48.8043,2021-04-18 15:28:50,broken clouds,80.6,89,11.5,75,0,0
52,Hato Mayor,DO,18.7629,-69.256,2021-04-18 15:28:51,scattered clouds,84.2,74,11.5,40,0,0
53,Saint-Philippe,RE,-21.3585,55.7679,2021-04-18 15:28:51,broken clouds,77.0,69,9.22,75,0,0
54,Port Alfred,ZA,-33.5906,26.891,2021-04-18 15:28:52,clear sky,79.56,51,9.13,0,0,0
55,Flinders,AU,-34.5833,150.8552,2021-04-18 15:28:52,few clouds,55.99,84,1.01,13,0,0
56,Mataura,NZ,-46.1927,168.8643,2021-04-18 15:28:53,broken clouds,55.0,86,7.0,82,0,0
57,Payson,US,40.0444,-111.7321,2021-04-18 15:28:53,clear sky,46.0,52,5.75,1,0,0
58,Acajutla,SV,13.5928,-89.8275,2021-04-18 15:28:53,few clouds,82.4,65,2.3,20,0,0
59,Hobyo,SO,5.3505,48.5268,2021-04-18 15:28:54,scattered clouds,84.15,65,12.95,39,0,0
60,Kapaa,US,22.0752,-159.319,2021-04-18 15:28:54,overcast clouds,69.8,73,6.91,90,0,0
61,Havøysund,NO,70.9963,24.6622,2021-04-18 15:28:55,clear sky,42.8,70,12.66,0,0,0
62,Half Moon Bay,US,37.4636,-122.4286,2021-04-18 15:28:55,clear sky,57.0,81,3.85,1,0,0
63,Warrensburg,US,38.7628,-93.7361,2021-04-18 15:26:11,scattered clouds,51.01,81,7.92,40,0,0
64,Necochea,AR,-38.5473,-58.7368,2021-04-18 15:24:27,overcast clouds,71.01,78,10.0,91,0,0
65,Chui,UY,-33.6971,-53.4616,2021-04-18 15:28:56,few clouds,73.44,61,9.51,21,0,0
66,Tilichiki,RU,60.4667,166.1,2021-04-18 15:28:56,overcast clouds,18.68,91,2.3,100,0,0
67,Selma,US,36.5708,-119.6121,2021-04-18 15:28:57,clear sky,62.01,44,4.61,1,0,0
68,Te Anau,NZ,-45.4167,167.7167,2021-04-18 15:28:57,overcast clouds,51.44,84,7.45,99,0,0
69,Zhangjiakou,CN,40.81,114.8794,2021-04-18 15:28:57,few clouds,57.65,16,3.4,13,0,0
70,Phichit,TH,16.25,100.4167,2021-04-18 15:28:58,moderate rain,82.99,39,1.79,54,0,0
71,Madarounfa,NE,13.3087,7.156,2021-04-18 15:28:58,clear sky,104.0,10,6.91,0,0,0
72,Fairbanks,US,64.8378,-147.7164,2021-04-18 15:28:59,clear sky,32.0,69,10.36,1,0,0
73,Torbay,CA,47.6666,-52.7314,2021-04-18 15:28:59,light rain,39.0,100,20.71,90,0,0
74,Raudeberg,NO,61.9875,5.1352,2021-04-18 15:28:59,clear sky,59.0,41,11.5,0,0,0
75,Bilibino,RU,68.0546,166.4372,2021-04-18 15:29:00,broken clouds,7.75,92,1.61,54,0,0
76,Thinadhoo,MV,0.5333,72.9333,2021-04-18 15:26:53,few clouds,83.77,59,6.4,17,0,0
77,Qaanaaq,GL,77.484,-69.3632,2021-04-18 15:29:01,overcast clouds,4.28,76,8.84,100,0,0
78,Waingapu,ID,-9.6567,120.2641,2021-04-18 15:29:01,overcast clouds,76.82,83,7.38,100,0,0
79,Tomatlán,MX,19.9333,-105.25,2021-04-18 15:29:01,clear sky,76.68,37,0.25,0,0,0
80,Avarua,CK,-21.2078,-159.775,2021-04-18 15:29:02,light rain,77.0,88,4.61,43,0,0
81,Jumla,NP,29.2747,82.1838,2021-04-18 15:29:02,broken clouds,48.43,57,2.71,81,0,0
82,Lázaro Cárdenas,MX,17.9583,-102.2,2021-04-18 15:29:03,clear sky,77.52,52,0.34,0,0,0
83,Brufut,GM,13.3814,-16.7518,2021-04-18 15:29:03,clear sky,93.2,38,11.5,0,0,0
84,Naze,JP,28.3667,129.4833,2021-04-18 15:29:04,broken clouds,59.56,61,16.55,81,0,0
85,Cockburn Town,TC,21.4612,-71.1419,2021-04-18 15:29:04,clear sky,78.51,88,17.81,0,0,0
86,Grand Gaube,MU,-20.0064,57.6608,2021-04-18 15:29:05,overcast clouds,77.0,84,5.01,100,0,0
87,Zhigansk,RU,66.7697,123.3711,2021-04-18 15:29:05,overcast clouds,5.7,98,2.59,100,0,0
88,Nikolskoye,RU,59.7035,30.7861,2021-04-18 15:29:06,clear sky,55.4,33,17.9,0,0,0
89,Yatou,CN,37.15,122.3833,2021-04-18 15:29:06,clear sky,49.51,51,11.65,0,0,0
90,Upernavik,GL,72.7868,-56.1549,2021-04-18 15:29:07,overcast clouds,10.9,75,1.48,100,0,0
91,Changli,CN,39.7042,119.1506,2021-04-18 15:29:07,clear sky,56.48,37,6.73,0,0,0
92,Tura,IN,25.5198,90.2201,2021-04-18 15:29:07,broken clouds,70.0,66,5.68,58,0,0
93,Codrington,AU,-38.2667,141.9667,2021-04-18 15:29:08,overcast clouds,55.63,85,8.21,97,0,0
94,Cape Town,ZA,-33.9258,18.4232,2021-04-18 15:28:01,clear sky,82.99,26,10.36,0,0,0
95,Evensk,RU,61.95,159.2333,2021-04-18 15:29:08,light snow,29.34,97,4.72,100,0,0
96,Okha,RU,53.5739,142.9478,2021-04-18 15:29:09,overcast clouds,32.56,91,10.83,100,0,0
97,Tautira,PF,-17.7333,-149.15,2021-04-18 15:29:09,few clouds,77.0,78,2.3,20,0,0
98,Saint Lawrence,MT,36.0553,14.204,2021-04-18 15:29:10,scattered clouds,62.01,63,16.11,40,0,0
99,Kerema,PG,-7.9631,145.7785,2021-04-18 15:29:10,moderate rain,74.61,93,4.32,100,0,0
100,Point Pleasant,US,40.0832,-74.0682,2021-04-18 15:29:11,few clouds,60.01,51,8.05,20,0,0
101,Iqaluit,CA,63.7506,-68.5145,2021-04-18 15:29:11,broken clouds,17.6,67,3.44,75,0,0
102,Aranda de Duero,ES,41.6704,-3.6892,2021-04-18 15:29:11,clear sky,59.47,32,9.93,1,0,0
103,Lumut,MY,4.2323,100.6298,2021-04-18 15:29:12,few clouds,82.0,89,4.83,20,0,0
104,Mar del Plata,AR,-38.0023,-57.5575,2021-04-18 15:28:19,broken clouds,71.6,73,13.8,75,0,0
105,Provideniya,RU,64.3833,-173.3,2021-04-18 15:29:12,overcast clouds,26.06,94,2.98,99,0,0
106,Aljezur,PT,37.3191,-8.8033,2021-04-18 15:29:13,scattered clouds,68.76,54,8.08,38,0,0
107,Cayenne,GF,4.9333,-52.3333,2021-04-18 15:29:13,broken clouds,84.2,70,13.8,75,0,0
108,Barrow,US,71.2906,-156.7887,2021-04-18 15:29:14,clear sky,21.2,79,10.36,1,0,0
109,Faya,SA,18.3851,42.4509,2021-04-18 15:29:14,broken clouds,75.2,40,6.91,75,0,0
110,Barra de Tecoanapa,MX,16.5167,-98.75,2021-04-18 15:29:15,clear sky,80.46,58,1.43,0,0,0
111,Sayyan,YE,15.1718,44.3244,2021-04-18 15:29:15,broken clouds,68.61,21,17.22,68,0,0
112,Collie,AU,-33.3667,116.15,2021-04-18 15:29:16,clear sky,54.0,81,3.85,0,0,0
113,Hualmay,PE,-11.0964,-77.6139,2021-04-18 15:29:16,broken clouds,71.91,75,7.27,57,0,0
114,Leningradskiy,RU,69.3833,178.4167,2021-04-18 15:29:16,clear sky,17.22,83,8.68,7,0,0
115,George Town,MY,5.4112,100.3354,2021-04-18 15:24:33,few clouds,86.0,79,4.61,20,0,0
116,Mahébourg,MU,-20.4081,57.7,2021-04-18 15:29:17,light rain,75.2,94,16.11,75,0,0
117,Bambanglipuro,ID,-7.95,110.2833,2021-04-18 15:29:18,broken clouds,76.33,88,4.21,51,0,0
118,Philadelphia,US,39.9523,-75.1638,2021-04-18 15:25:13,scattered clouds,61.0,51,11.5,40,0,0
119,Farah,AF,32.5,62.5,2021-04-18 15:29:18,overcast clouds,73.89,11,7.23,100,0,0
120,Kisanga,TZ,-7.4362,37.7034,2021-04-18 15:29:19,light rain,73.9,89,1.9,99,0,0
121,Eyl,SO,7.9803,49.8164,2021-04-18 15:29:01,clear sky,82.47,74,12.37,7,0,0
122,Ostrovnoy,RU,68.0531,39.5131,2021-04-18 15:29:19,broken clouds,34.18,86,16.71,63,0,0
123,Saint George,US,37.1041,-113.5841,2021-04-18 15:29:20,clear sky,55.99,25,2.91,1,0,0
124,Glendive,US,47.1053,-104.7125,2021-04-18 15:29:20,clear sky,44.01,61,21.85,1,0,0
125,Río Tercero,AR,-32.173,-64.1141,2021-04-18 15:29:21,clear sky,73.99,74,1.99,9,0,0
126,Bouillante,GP,16.1304,-61.7692,2021-04-18 15:29:21,broken clouds,86.0,58,14.97,75,0,0
127,Nanortalik,GL,60.1432,-45.2371,2021-04-18 15:29:21,clear sky,26.35,48,16.31,5,0,0
128,Ancud,CL,-41.8697,-73.8203,2021-04-18 15:29:22,light rain,51.8,100,9.22,75,0,0
129,Tuktoyaktuk,CA,69.4541,-133.0374,2021-04-18 15:29:22,few clouds,14.0,92,4.61,20,0,0
130,Rawson,AR,-43.3002,-65.1023,2021-04-18 15:29:23,scattered clouds,71.26,40,15.99,45,0,0
131,Kastamonu Province,TR,41.5,33.6667,2021-04-18 15:29:23,overcast clouds,62.47,62,12.73,100,0,0
132,Sambava,MG,-14.2667,50.1667,2021-04-18 15:29:23,light rain,77.29,86,14.18,100,0,0
133,Labuhan,ID,-6.8844,112.2051,2021-04-18 15:29:24,overcast clouds,78.76,79,1.39,100,0,0
134,Māngrol,IN,21.1167,70.1167,2021-04-18 15:29:24,clear sky,82.26,70,16.67,1,0,0
135,Lavrentiya,RU,65.5833,-171.0,2021-04-18 15:29:25,overcast clouds,14.29,98,0.54,93,0,0
136,Quatre Cocos,MU,-20.2078,57.7625,2021-04-18 15:29:25,light rain,77.0,94,16.11,75,0,0
137,San Andrés,CO,12.5847,-81.7006,2021-04-18 15:29:26,broken clouds,86.0,74,9.22,75,0,0
138,Tuatapere,NZ,-46.1333,167.6833,2021-04-18 15:29:26,overcast clouds,55.0,86,7.0,98,0,0
139,Issenye,TZ,-2.0,34.3333,2021-04-18 15:27:11,overcast clouds,73.71,68,3.56,100,0,0
140,Mount Isa,AU,-20.7333,139.5,2021-04-18 15:29:27,clear sky,71.6,20,14.97,0,0,0
141,Hailar,CN,49.2,119.7,2021-04-18 15:29:27,clear sky,42.4,32,19.82,9,0,0
142,Severo-Kuril'sk,RU,50.6789,156.125,2021-04-18 15:29:28,overcast clouds,33.84,85,22.73,100,0,0
143,Tasiilaq,GL,65.6145,-37.6368,2021-04-18 15:29:28,few clouds,26.6,68,9.22,20,0,0
144,Mabaruma,GY,8.2,-59.7833,2021-04-18 15:29:28,broken clouds,86.0,70,13.8,75,0,0
145,Baillif,GP,16.0202,-61.7463,2021-04-18 15:29:29,broken clouds,86.0,58,14.97,75,0,0
146,Castro,BR,-24.7911,-50.0119,2021-04-18 15:29:29,overcast clouds,65.75,71,2.08,99,0,0
147,Pevek,RU,69.7008,170.3133,2021-04-18 15:29:30,broken clouds,20.44,75,23.02,74,0,0
148,Fukuechō,JP,32.6881,128.8419,2021-04-18 15:29:30,overcast clouds,56.44,54,15.59,92,0,0
149,Katangli,RU,51.7102,143.2326,2021-04-18 15:29:30,snow,30.94,98,12.44,100,0,0
150,Port Elizabeth,ZA,-33.918,25.5701,2021-04-18 15:29:31,clear sky,78.8,29,8.05,0,0,0
151,Les Cayes,HT,18.2,-73.75,2021-04-18 15:29:31,broken clouds,84.02,63,12.48,79,0,0
152,Gamba,GA,-2.65,10.0,2021-04-18 15:29:32,overcast clouds,82.18,72,4.72,100,0,0
153,Igarka,RU,67.4667,86.5833,2021-04-18 15:29:32,few clouds,-6.3,92,13.04,17,0,0
154,Arraial do Cabo,BR,-22.9661,-42.0278,2021-04-18 15:29:33,few clouds,82.4,69,8.05,20,0,0
155,Marzuq,YE,14.4,46.4667,2021-04-18 15:29:33,broken clouds,81.03,22,11.45,61,0,0
156,Castlemaine,AU,-37.0667,144.2167,2021-04-18 15:29:34,broken clouds,52.0,52,2.19,78,0,0
157,Maniitsoq,GL,65.4167,-52.9,2021-04-18 15:29:34,overcast clouds,17.1,58,14.0,98,0,0
158,Makkah al Mukarramah,SA,21.4267,39.8261,2021-04-18 15:29:34,scattered clouds,90.34,31,3.33,33,0,0
159,Ambovombe,MG,-25.1667,46.0833,2021-04-18 15:29:35,clear sky,67.5,61,18.01,8,0,0
160,Cascavel,BR,-24.9558,-53.4553,2021-04-18 15:27:32,clear sky,75.2,57,5.75,0,0,0
161,Mwingi,KE,-0.9344,38.0601,2021-04-18 15:29:35,broken clouds,73.11,70,7.76,67,0,0
162,Yulara,AU,-25.2406,130.9889,2021-04-18 15:29:36,clear sky,60.8,41,8.05,0,0,0
163,Vilyuysk,RU,63.7553,121.6247,2021-04-18 15:29:37,overcast clouds,-2.52,99,3.69,92,0,0
164,Reconquista,AR,-29.15,-59.65,2021-04-18 15:29:37,clear sky,78.31,60,8.1,0,0,0
165,Karratha,AU,-20.7377,116.8463,2021-04-18 15:29:37,clear sky,81.55,54,4.97,0,0,0
166,Kaitangata,NZ,-46.2817,169.8464,2021-04-18 15:29:38,broken clouds,59.0,47,17.0,56,0,0
167,Zhezkazgan,KZ,47.8043,67.7144,2021-04-18 15:29:38,overcast clouds,58.95,50,5.3,96,0,0
168,Rodolfo Sánchez Taboada,MX,31.7167,-116.5667,2021-04-18 15:29:39,clear sky,60.01,85,1.01,0,0,0
169,Katherine,AU,-14.4667,132.2667,2021-04-18 15:29:39,overcast clouds,68.0,68,2.3,90,0,0
170,Scarborough,GB,54.2797,-0.4044,2021-04-18 15:26:46,scattered clouds,54.0,52,4.0,28,0,0
171,Akureyri,IS,65.6835,-18.0878,2021-04-18 15:29:40,scattered clouds,44.6,39,11.5,40,0,0
172,Ribeira Grande,PT,38.5167,-28.7,2021-04-18 15:29:40,few clouds,66.2,77,11.5,20,0,0
173,Bredasdorp,ZA,-34.5322,20.0403,2021-04-18 15:29:40,clear sky,80.6,17,12.66,7,0,0
174,Itamaracá,BR,-7.7478,-34.8256,2021-04-18 15:29:41,mist,75.2,83,6.91,75,0,0
175,Oro Valley,US,32.3909,-110.9665,2021-04-18 15:29:41,clear sky,68.0,31,5.01,0,0,0
176,Poum,NC,-20.2333,164.0167,2021-04-18 15:29:42,scattered clouds,77.32,76,7.52,38,0,0
177,Blomberg,DE,51.9433,9.0907,2021-04-18 15:29:42,overcast clouds,59.0,55,4.61,99,0,0
178,Fortuna,US,40.5982,-124.1573,2021-04-18 15:29:42,overcast clouds,44.6,100,4.61,90,0,0
179,Kinsale,IE,51.7075,-8.5306,2021-04-18 15:29:02,light intensity drizzle,48.2,87,10.36,75,0,0
180,Powell River,CA,49.8496,-124.5361,2021-04-18 15:29:43,few clouds,59.0,81,1.32,20,0,0
181,Purranque,CL,-40.9167,-73.1667,2021-04-18 15:29:43,broken clouds,60.8,84,13.8,75,0,0
182,São João da Barra,BR,-21.6403,-41.0511,2021-04-18 15:29:44,few clouds,86.0,51,13.8,20,0,0
183,Tual,ID,-5.6667,132.75,2021-04-18 15:29:44,overcast clouds,80.44,77,5.93,100,0,0
184,Shumskiy,RU,54.8318,99.1328,2021-04-18 15:29:45,overcast clouds,26.51,97,2.39,100,0,0
185,Businga,CD,3.3333,20.8833,2021-04-18 15:29:45,overcast clouds,92.7,41,2.04,85,0,0
186,Lebu,CL,-37.6167,-73.65,2021-04-18 15:29:45,broken clouds,59.13,70,10.07,76,0,0
187,Bermejillo,MX,25.8833,-103.6167,2021-04-18 15:29:46,clear sky,61.0,59,10.29,1,0,0
188,Mossamedes,AO,-15.1961,12.1522,2021-04-18 15:29:46,few clouds,89.6,58,14.97,20,0,0
189,Bibiani,GH,6.4635,-2.3194,2021-04-18 15:29:47,overcast clouds,96.62,35,2.19,95,0,0
190,New Norfolk,AU,-42.7826,147.0587,2021-04-18 15:29:47,overcast clouds,54.0,74,4.0,100,0,0
191,Caravelas,BR,-17.7125,-39.2481,2021-04-18 15:29:47,scattered clouds,84.51,57,8.21,38,0,0
192,Chokurdakh,RU,70.6333,147.9167,2021-04-18 15:29:48,overcast clouds,13.1,92,17.11,100,0,0
193,San Martín,AR,-33.081,-68.4681,2021-04-18 15:29:48,clear sky,75.2,57,5.75,0,0,0
194,Faanui,PF,-16.4833,-151.75,2021-04-18 15:29:49,clear sky,81.84,72,10.8,9,0,0
195,Clyde River,CA,70.4692,-68.5914,2021-04-18 15:29:49,overcast clouds,6.8,85,10.36,90,0,0
196,Bungu,TZ,-7.6337,39.0582,2021-04-18 15:29:49,light rain,73.36,92,4.45,93,0,0
197,Kumul,CN,42.8,93.45,2021-04-18 15:29:50,scattered clouds,66.81,19,16.46,25,0,0
198,Ongandjera,NA,-17.8833,15.0667,2021-04-18 15:29:50,clear sky,85.78,22,10.87,1,0,0
199,Talnakh,RU,69.4865,88.3972,2021-04-18 15:29:51,scattered clouds,-15.88,93,2.66,27,0,0
200,Morro Bay,US,35.3658,-120.8499,2021-04-18 15:25:36,fog,48.2,100,4.74,90,0,0
201,Kumluca,TR,36.3703,30.2869,2021-04-18 15:29:51,overcast clouds,74.44,45,1.25,85,0,0
202,Port Augusta,AU,-32.5,137.7667,2021-04-18 15:29:52,overcast clouds,51.8,87,5.75,100,0,0
203,Mandan,US,46.8267,-100.8896,2021-04-18 15:29:52,few clouds,48.2,65,28.77,20,0,0
204,San Fernando,PH,15.0286,120.6898,2021-04-18 15:29:53,broken clouds,82.4,74,4.61,75,0,0
205,Sioux Lookout,CA,50.1001,-91.917,2021-04-18 15:29:53,snow,33.8,86,9.22,90,0,0
206,Narsaq,GL,60.9167,-46.05,2021-04-18 15:29:54,few clouds,30.2,27,6.91,22,0,0
207,Karpogory,RU,64.0019,44.4451,2021-04-18 15:29:54,scattered clouds,36.88,42,4.16,33,0,0
208,Gigmoto,PH,13.7796,124.39,2021-04-18 15:29:55,heavy intensity rain,79.09,91,34.38,100,0,0
209,Novoye Leushino,RU,56.8073,40.5144,2021-04-18 15:29:55,overcast clouds,51.31,54,12.84,97,0,0
210,Cidreira,BR,-30.1811,-50.2056,2021-04-18 15:29:56,few clouds,73.26,78,8.43,15,0,0
211,Ilo,PE,-17.6394,-71.3375,2021-04-18 15:29:56,broken clouds,70.03,72,6.78,63,0,0
212,Esperance,AU,-33.8667,121.9,2021-04-18 15:29:56,clear sky,57.2,82,8.05,0,0,0
213,Povenets,RU,62.8487,34.8262,2021-04-18 15:29:57,broken clouds,42.55,74,6.2,63,0,0
214,Coquimbo,CL,-29.9533,-71.3436,2021-04-18 15:27:20,overcast clouds,57.2,88,2.3,90,0,0
215,Shakawe,BW,-18.3667,21.85,2021-04-18 15:29:57,clear sky,80.82,29,9.53,0,0,0
216,Pangnirtung,CA,66.1451,-65.7125,2021-04-18 15:29:58,broken clouds,15.03,72,2.28,67,0,0
217,Aripuanã,BR,-9.1667,-60.6333,2021-04-18 15:29:58,overcast clouds,73.8,94,2.21,100,0,0
218,Richards Bay,ZA,-28.783,32.0377,2021-04-18 15:28:16,clear sky,73.22,62,14.99,0,0,0
219,Comodoro Rivadavia,AR,-45.8667,-67.5,2021-04-18 15:29:59,clear sky,64.4,45,8.05,0,0,0
220,Taunggyi,MM,20.7833,97.0333,2021-04-18 15:29:59,few clouds,67.89,46,0.98,20,0,0
221,Atar,MR,20.5169,-13.0499,2021-04-18 15:30:00,clear sky,93.2,12,9.22,0,0,0
222,Sorong,ID,-0.8833,131.25,2021-04-18 15:29:14,overcast clouds,78.8,84,3.89,94,0,0
223,Souillac,MU,-20.5167,57.5167,2021-04-18 15:30:00,light rain,75.2,94,16.11,75,0,0
224,Adrar,MR,20.5022,-10.0711,2021-04-18 15:30:01,clear sky,94.46,6,9.42,0,0,0
225,Ligayan,PH,4.6533,119.4706,2021-04-18 15:30:01,overcast clouds,82.38,75,9.82,90,0,0
226,Santa Maria da Vitória,BR,-13.3947,-44.1886,2021-04-18 15:30:02,overcast clouds,93.7,29,1.16,94,0,0
227,Kahului,US,20.8947,-156.47,2021-04-18 15:28:13,moderate rain,69.8,94,5.75,90,0,0
228,La Santisima Trinidad,BO,-14.8333,-64.9,2021-04-18 15:30:02,scattered clouds,83.66,74,3.98,47,0,0
229,Vao,NC,-22.6667,167.4833,2021-04-18 15:30:03,broken clouds,76.15,80,16.26,80,0,0
230,Carnarvon,AU,-24.8667,113.6333,2021-04-18 15:30:03,clear sky,76.26,68,18.07,0,0,0
231,Bethel,US,41.3712,-73.414,2021-04-18 15:30:04,few clouds,55.99,48,5.01,20,0,0
232,Tiksi,RU,71.6872,128.8694,2021-04-18 15:30:04,overcast clouds,6.48,89,12.55,100,0,0
233,Provincia di Campobasso,IT,41.6333,14.5833,2021-04-18 15:30:05,overcast clouds,57.0,80,8.01,99,0,0
234,Norman Wells,CA,65.282,-126.8329,2021-04-18 15:30:05,few clouds,26.6,86,0.92,20,0,0
235,Ulladulla,AU,-35.35,150.4667,2021-04-18 15:30:06,clear sky,54.0,100,8.05,6,0,0
236,Henties Bay,NA,-22.116,14.2845,2021-04-18 15:30:06,overcast clouds,85.24,36,14.72,96,0,0
237,Tekeli,KZ,44.83,78.8239,2021-04-18 15:30:06,overcast clouds,49.24,55,6.15,100,0,0
238,Nome,US,64.5011,-165.4064,2021-04-18 15:30:07,clear sky,27.0,74,5.08,1,0,0
239,Waipawa,NZ,-41.4122,175.5153,2021-04-18 15:30:07,clear sky,60.8,67,16.11,3,0,0
240,Muisne,EC,0.6,-80.0333,2021-04-18 15:30:08,broken clouds,80.6,89,4.61,75,0,0
241,Cherskiy,RU,68.75,161.3,2021-04-18 15:30:08,overcast clouds,27.45,89,9.35,100,0,0
242,Kidal,ML,18.4411,1.4078,2021-04-18 15:30:09,clear sky,103.6,7,7.05,0,0,0
243,Alofi,NU,-19.0595,-169.9187,2021-04-18 15:30:09,broken clouds,68.0,94,2.3,72,0,0
244,Chiapa,MX,18.4669,-96.945,2021-04-18 15:30:09,scattered clouds,68.32,77,3.56,43,0,0
245,Belmonte,BR,-15.8631,-38.8828,2021-04-18 15:30:10,scattered clouds,82.4,69,11.5,40,0,0
246,Port Hedland,AU,-20.3167,118.5667,2021-04-18 15:30:10,clear sky,75.2,69,4.61,4,0,0
247,Mitú,CO,1.1983,-70.1733,2021-04-18 15:30:03,overcast clouds,75.99,89,3.87,100,0,0
248,Constitución,CL,-35.3333,-72.4167,2021-04-18 15:30:12,scattered clouds,64.09,61,4.79,44,0,0
249,Dutlwe,BW,-23.9833,23.9,2021-04-18 15:30:12,overcast clouds,71.8,26,6.76,87,0,0
250,Marystown,CA,47.1666,-55.1483,2021-04-18 15:30:13,overcast clouds,38.86,96,20.09,100,0,0
251,Ilulissat,GL,69.2167,-51.1,2021-04-18 15:30:13,few clouds,8.6,56,12.66,20,0,0
252,Mayo,US,38.8876,-76.5119,2021-04-18 15:30:13,clear sky,61.0,51,4.61,1,0,0
253,Asău,RO,46.4333,26.4,2021-04-18 15:30:14,overcast clouds,44.01,60,1.61,100,0,0
254,Nobeoka,JP,32.5833,131.6667,2021-04-18 15:30:14,broken clouds,36.0,76,1.01,58,0,0
255,Weihai,CN,37.5017,122.1136,2021-04-18 15:29:14,clear sky,49.53,48,11.07,0,0,0
256,Shintomi,JP,32.0785,131.4723,2021-04-18 15:30:15,overcast clouds,46.87,67,4.72,90,0,0
257,Igbo-Ora,NG,7.4333,3.2833,2021-04-18 15:30:15,broken clouds,90.59,49,8.48,84,0,0
258,Abadan,TM,38.0507,58.2056,2021-04-18 15:30:16,few clouds,78.8,22,6.91,20,0,0
259,Itaqui,BR,-29.1253,-56.5531,2021-04-18 15:30:16,clear sky,80.69,46,10.51,0,0,0
260,Niamey,NE,13.5137,2.1098,2021-04-18 15:30:17,clear sky,107.6,11,6.91,0,0,0
261,Muskogee,US,35.5834,-95.3336,2021-04-18 15:30:17,overcast clouds,53.6,66,8.05,90,0,0
262,Mulegé,MX,26.8833,-111.9833,2021-04-18 15:30:18,clear sky,76.17,30,3.91,0,0,0
263,Barra Patuca,HN,15.8,-84.2833,2021-04-18 15:30:18,scattered clouds,86.31,65,12.88,48,0,0
264,Russellville,US,35.2784,-93.1338,2021-04-18 15:30:18,overcast clouds,55.0,87,6.82,90,0,0
265,Chicama,PE,-7.8447,-79.1469,2021-04-18 15:30:19,fog,64.4,94,10.36,75,0,0
266,Mahibadhoo,MV,3.7833,72.9667,2021-04-18 15:30:20,overcast clouds,83.91,65,8.57,96,0,0
267,Mahina,PF,-17.5065,-149.489,2021-04-18 15:30:20,few clouds,77.0,78,2.3,20,0,0
268,Lang Son,VN,21.8333,106.7333,2021-04-18 15:30:21,overcast clouds,68.72,94,2.91,100,0,0
269,Taoudenni,ML,22.6783,-3.9836,2021-04-18 15:30:21,clear sky,96.49,8,11.9,0,0,0
270,Hong Kong,HK,22.2855,114.1577,2021-04-18 15:26:24,overcast clouds,73.0,78,3.0,100,0,0
271,Husavik,IS,66.0449,-17.3389,2021-04-18 15:30:22,scattered clouds,44.6,53,23.02,40,0,0
272,Itarema,BR,-2.9248,-39.9167,2021-04-18 15:30:22,overcast clouds,83.55,71,10.45,97,0,0
273,Kirensk,RU,57.7853,108.1119,2021-04-18 15:30:22,overcast clouds,14.9,93,2.73,100,0,0
274,Saskylakh,RU,71.9167,114.0833,2021-04-18 15:30:23,overcast clouds,4.15,93,10.02,98,0,0
275,Øksfjord,NO,70.2396,22.3479,2021-04-18 15:30:23,clear sky,44.6,45,10.36,0,0,0
276,Adolfo López Mateos,MX,28.4667,-107.3,2021-04-18 15:26:08,clear sky,57.0,40,1.01,0,0,0
277,Jinka,ET,5.65,36.65,2021-04-18 15:30:24,light rain,65.39,84,3.87,95,0,0
278,Salta,AR,-24.7859,-65.4117,2021-04-18 15:30:24,scattered clouds,69.8,78,8.05,40,0,0
279,Lüderitz,NA,-26.6481,15.1594,2021-04-18 15:30:25,few clouds,79.38,44,4.03,24,0,0
280,Jiangyou,CN,31.7667,104.7167,2021-04-18 15:30:25,overcast clouds,58.66,90,1.9,100,0,0
281,Margate,GB,51.3813,1.3862,2021-04-18 15:30:24,overcast clouds,54.0,54,1.01,94,0,0
282,Bengkulu,ID,-3.8004,102.2655,2021-04-18 15:30:26,broken clouds,75.25,89,3.89,76,0,0
283,Dicabisagan,PH,17.0818,122.4157,2021-04-18 15:30:26,overcast clouds,74.8,87,16.08,100,0,0
284,Sabha,LY,27.0377,14.4283,2021-04-18 15:30:27,overcast clouds,92.43,15,17.22,97,0,0
285,Ketchikan,US,55.3422,-131.6461,2021-04-18 15:29:39,clear sky,42.8,87,6.91,1,0,0
286,Balkhash,KZ,46.844,74.9804,2021-04-18 15:30:27,overcast clouds,54.43,46,6.13,90,0,0
287,Port Keats,AU,-14.25,129.55,2021-04-18 15:30:28,broken clouds,75.02,40,8.46,81,0,0
288,Lorengau,PG,-2.0226,147.2712,2021-04-18 15:30:28,overcast clouds,80.15,81,7.11,93,0,0
289,Lewisporte,CA,49.2499,-55.0482,2021-04-18 15:29:49,light rain,37.4,100,27.63,90,0,0
290,Airai,TL,-8.9266,125.4092,2021-04-18 15:30:29,broken clouds,56.93,81,2.71,75,0,0
291,Shelburne,CA,44.0787,-80.2041,2021-04-18 15:30:29,few clouds,53.6,47,5.75,20,0,0
292,Voyvozh,RU,62.892,54.9635,2021-04-18 15:30:29,clear sky,22.66,76,3.27,6,0,0
293,Kununurra,AU,-15.7667,128.7333,2021-04-18 15:30:30,overcast clouds,64.4,82,5.84,98,0,0
294,Letlhakane,BW,-21.4167,25.5833,2021-04-18 15:30:30,clear sky,70.59,31,8.57,0,0,0
295,Urengoy,RU,65.9667,78.3667,2021-04-18 15:30:31,scattered clouds,-8.09,96,11.39,26,0,0
296,Grand-Lahou,CI,5.1367,-5.0242,2021-04-18 15:30:32,overcast clouds,85.26,68,10.85,95,0,0
297,Muzhi,RU,65.3667,64.6667,2021-04-18 15:30:32,clear sky,3.88,90,6.11,10,0,0
298,Kabinda,CD,-6.1333,24.4833,2021-04-18 15:30:32,overcast clouds,73.56,82,4.65,94,0,0
299,Mâncio Lima,BR,-7.6142,-72.8958,2021-04-18 15:30:33,broken clouds,89.6,70,5.75,75,0,0
300,Brae,GB,60.3964,-1.353,2021-04-18 15:30:33,clear sky,48.2,71,16.11,0,0,0
301,Emporia,US,38.4039,-96.1817,2021-04-18 15:30:34,overcast clouds,48.2,76,8.05,90,0,0
302,Nishihara,JP,26.1842,127.7558,2021-04-18 15:30:34,few clouds,64.4,67,9.22,20,0,0
303,Chalisgaon,IN,20.4667,75.0167,2021-04-18 15:30:35,broken clouds,95.58,16,9.1,59,0,0
304,Virtsu,EE,58.5716,23.5115,2021-04-18 15:30:35,clear sky,61.0,15,20.0,9,0,0
305,Buraidah,SA,26.326,43.975,2021-04-18 15:30:35,clear sky,89.6,19,6.91,0,0,0
306,San Patricio,US,28.017,-97.5169,2021-04-18 15:30:36,overcast clouds,57.0,76,17.27,90,0,0
307,Mackay,AU,-21.15,149.2,2021-04-18 15:30:36,broken clouds,71.6,88,6.91,75,0,0
308,Guerrero Negro,MX,27.9769,-114.0611,2021-04-18 15:30:37,clear sky,62.53,68,12.33,3,0,0
309,Wadi Maliz,TN,36.4681,8.5495,2021-04-18 15:30:37,few clouds,73.4,17,2.3,20,0,0
310,Province of Mantua,IT,45.1667,10.7833,2021-04-18 15:30:38,scattered clouds,57.99,47,3.44,40,0,0
311,Sangar,RU,63.9242,127.4739,2021-04-18 15:30:38,overcast clouds,6.78,97,2.98,95,0,0
312,Mutoko,ZW,-17.397,32.2268,2021-04-18 15:30:38,overcast clouds,62.19,54,10.0,100,0,0
313,Malé,MV,4.1748,73.5089,2021-04-18 15:29:49,broken clouds,84.2,79,5.75,75,0,0
314,Bubaque,GW,11.2833,-15.8333,2021-04-18 15:30:39,overcast clouds,77.67,69,13.69,95,0,0
315,Louis Trichardt,ZA,-23.0439,29.9032,2021-04-18 15:30:39,clear sky,61.05,56,5.12,0,0,0
316,Hanmer Springs,NZ,-42.5167,172.8167,2021-04-18 15:30:40,broken clouds,44.67,86,7.54,59,0,0
317,Hay River,CA,60.8156,-115.7999,2021-04-18 15:30:40,overcast clouds,33.8,69,8.05,100,0,0
318,Maizières-lès-Metz,FR,49.2075,6.1605,2021-04-18 15:30:41,overcast clouds,51.8,71,6.91,90,0,0
319,San Cristobal,VE,7.7669,-72.225,2021-04-18 15:30:41,scattered clouds,91.4,43,8.05,40,0,0
320,Saltpond,GH,5.2091,-1.0606,2021-04-18 15:30:42,overcast clouds,85.62,70,16.96,100,0,0
321,Vila Velha,BR,-20.3297,-40.2925,2021-04-18 15:30:42,few clouds,86.0,54,12.66,20,0,0
322,Praia da Vitória,PT,38.7333,-27.0667,2021-04-18 15:30:42,scattered clouds,68.0,72,10.49,40,0,0
323,Kautokeino,NO,69.0125,23.0412,2021-04-18 15:30:43,broken clouds,32.02,94,11.03,76,0,0
324,Panjāb,AF,34.388,67.0233,2021-04-18 15:30:43,clear sky,46.72,29,3.56,3,0,0
325,Ulaangom,MN,49.9811,92.0667,2021-04-18 15:30:44,clear sky,47.82,36,3.27,3,0,0
326,Pozo Colorado,PY,-23.4923,-58.7972,2021-04-18 15:30:44,clear sky,95.54,28,3.0,0,0,0
327,Biak,ID,-0.9131,122.8766,2021-04-18 15:30:44,overcast clouds,74.37,80,3.09,100,0,0
328,Kalangala,UG,-0.3089,32.225,2021-04-18 15:30:45,few clouds,75.2,83,17.27,20,0,0
329,Havelock,US,34.8791,-76.9013,2021-04-18 15:30:45,few clouds,72.0,43,4.61,20,0,0
330,Devonport,AU,-41.1667,146.35,2021-04-18 15:30:46,broken clouds,53.01,83,10.42,76,0,0
331,Goderich,CA,43.7501,-81.7165,2021-04-18 15:30:11,overcast clouds,42.8,70,11.5,99,0,0
332,Lingao,CN,19.9103,109.6859,2021-04-18 15:30:46,broken clouds,74.59,89,10.45,61,0,0
333,Aksu,CN,41.1231,80.2644,2021-04-18 15:30:47,overcast clouds,67.35,26,10.09,100,0,0
334,Basoko,CD,1.2391,23.616,2021-04-18 15:30:47,overcast clouds,85.37,62,3.42,100,0,0
335,Tamale,GH,9.4008,-0.8393,2021-04-18 15:30:48,broken clouds,99.39,28,5.12,81,0,0
336,Vardø,NO,70.3705,31.1107,2021-04-18 15:30:48,clear sky,41.0,70,8.05,0,0,0
337,Broome,US,42.2506,-75.833,2021-04-18 15:30:49,few clouds,53.01,62,8.05,20,0,0
338,Krasnosel'kup,RU,65.7,82.4667,2021-04-18 15:30:49,scattered clouds,-8.16,93,16.08,50,0,0
339,Ambilobe,MG,-13.2,49.05,2021-04-18 15:30:49,overcast clouds,76.8,80,5.01,95,0,0
340,Geraldton,AU,-28.7667,114.6,2021-04-18 15:30:50,scattered clouds,68.0,49,13.8,40,0,0
341,Belaya Gora,RU,68.5333,146.4167,2021-04-18 15:30:50,overcast clouds,7.16,97,1.54,89,0,0
342,Tadine,NC,-21.55,167.8833,2021-04-18 15:30:51,broken clouds,76.17,85,14.41,74,0,0
343,Rasskazovo,RU,52.6714,41.9033,2021-04-18 15:30:51,overcast clouds,50.95,64,2.71,97,0,0
344,Nador,MA,35.174,-2.9287,2021-04-18 15:30:52,clear sky,73.4,46,8.05,0,0,0
345,Barcelos,PT,41.5388,-8.6151,2021-04-18 15:30:52,clear sky,71.01,40,8.05,0,0,0
346,Savinka,RU,50.0785,47.0994,2021-04-18 15:30:52,overcast clouds,54.86,49,6.87,100,0,0
347,Paamiut,GL,61.994,-49.6678,2021-04-18 15:30:53,overcast clouds,25.81,38,5.26,99,0,0
348,Arenápolis,BR,-14.4503,-56.8461,2021-04-18 15:30:53,scattered clouds,89.17,54,2.62,50,0,0
349,Sandūr,IN,15.1,76.55,2021-04-18 15:30:54,overcast clouds,91.24,28,4.92,97,0,0
350,Kupang,ID,-10.1667,123.5833,2021-04-18 15:30:54,broken clouds,77.74,78,8.3,66,0,0
351,Salalah,OM,17.0151,54.0924,2021-04-18 15:30:54,few clouds,84.2,74,8.05,20,0,0
352,Khorixas,NA,-20.3667,14.9667,2021-04-18 15:30:55,overcast clouds,81.64,29,9.66,91,0,0
353,Wanaka,NZ,-44.7,169.15,2021-04-18 15:30:55,overcast clouds,48.56,92,6.55,100,0,0
354,Lompoc,US,34.6391,-120.4579,2021-04-18 15:30:56,clear sky,57.0,87,6.91,0,0,0
355,Heraclea,TR,37.5133,34.0467,2021-04-18 15:30:56,overcast clouds,73.47,28,10.38,100,0,0
356,Basco,PH,20.4487,121.9702,2021-04-18 15:30:57,broken clouds,74.41,65,30.47,81,0,0
357,Colquiri,BO,-17.4167,-67.1333,2021-04-18 15:30:57,clear sky,51.55,31,5.55,1,0,0
358,Bridgton,US,44.0548,-70.7128,2021-04-18 15:30:57,broken clouds,46.99,65,2.95,83,0,0
359,Bolobo,CD,-2.1667,16.2333,2021-04-18 15:27:17,moderate rain,81.46,72,3.69,100,0,0
360,Sobolevo,RU,54.4299,31.8996,2021-04-18 15:30:58,overcast clouds,45.61,83,8.5,98,0,0
361,Findlay,US,41.0442,-83.6499,2021-04-18 15:29:00,clear sky,55.4,41,8.05,1,0,0
362,Sarishābāri,BD,24.7333,89.8333,2021-04-18 15:30:59,scattered clouds,78.26,69,14.7,27,0,0
363,Amzya,RU,56.2354,54.3868,2021-04-18 15:30:59,scattered clouds,40.8,45,14.03,31,0,0
364,Korla,CN,41.7597,86.1469,2021-04-18 15:31:00,overcast clouds,67.37,18,8.57,100,0,0
365,Klyuchi,RU,52.2667,79.1667,2021-04-18 15:31:00,broken clouds,49.55,81,9.78,78,0,0
366,Tshela,CD,-4.9833,12.9333,2021-04-18 15:31:01,moderate rain,77.02,93,2.17,100,0,0
367,Ratholo,BW,-22.7245,27.572,2021-04-18 15:31:01,clear sky,66.54,41,7.02,0,0,0
368,Amapá,BR,1.0,-52.0,2021-04-18 15:31:01,overcast clouds,73.51,96,3.47,100,0,0
369,Yangshan,CN,28.7615,115.0287,2021-04-18 15:31:02,overcast clouds,52.7,86,1.03,100,0,0
370,Vanimo,PG,-2.6741,141.3028,2021-04-18 15:31:02,overcast clouds,76.1,87,3.09,88,0,0
371,Puri,IN,19.8,85.85,2021-04-18 15:31:03,broken clouds,84.0,89,2.3,75,0,0
372,Benguela,AO,-12.5763,13.4055,2021-04-18 15:31:03,clear sky,85.57,71,7.0,7,0,0
373,Ol'ga,RU,43.7444,135.2892,2021-04-18 15:31:04,overcast clouds,42.98,65,5.97,100,0,0
374,At-Bashi,KG,41.1702,75.8106,2021-04-18 15:31:04,overcast clouds,44.51,66,2.37,99,0,0
375,Aguilares,AR,-27.4338,-65.6143,2021-04-18 15:31:05,overcast clouds,70.0,84,3.0,90,0,0
376,Santiago del Estero,AR,-27.7951,-64.2615,2021-04-18 15:30:37,few clouds,83.26,51,14.03,24,0,0
377,Arrondissement du Havre,FR,49.5833,0.3333,2021-04-18 15:31:05,clear sky,52.0,57,11.5,0,0,0
378,Brezovo,BG,42.35,25.0833,2021-04-18 15:31:06,broken clouds,55.4,67,2.3,75,0,0
379,Kroya,ID,-7.6331,109.2461,2021-04-18 15:31:06,broken clouds,77.76,85,3.02,78,0,0
380,Matara,LK,5.9485,80.5353,2021-04-18 15:31:07,overcast clouds,79.68,81,6.29,93,0,0
381,Gayéri,BF,12.6497,0.4931,2021-04-18 15:31:07,broken clouds,102.2,19,3.98,72,0,0
382,Touros,BR,-5.1989,-35.4608,2021-04-18 15:31:07,broken clouds,84.2,70,16.11,75,0,0
383,Nouadhibou,MR,20.931,-17.0347,2021-04-18 15:31:08,scattered clouds,78.8,53,17.27,28,0,0
384,Neiafu,TO,-18.65,-173.9833,2021-04-18 15:31:08,few clouds,68.0,94,10.94,20,0,0
385,Antalaha,MG,-14.9003,50.2788,2021-04-18 15:31:09,moderate rain,75.72,91,11.21,100,0,0
386,Oranjemund,NA,-28.55,16.4333,2021-04-18 15:31:09,few clouds,72.95,51,5.21,14,0,0
387,Severodvinsk,RU,64.5635,39.8302,2021-04-18 15:31:09,clear sky,42.8,24,4.47,0,0,0
388,Grenville,GD,12.1167,-61.6167,2021-04-18 15:31:10,scattered clouds,87.8,58,26.46,40,0,0
389,Sibolga,ID,1.7427,98.7792,2021-04-18 15:31:10,broken clouds,77.07,88,2.66,77,0,0
390,College,US,64.8569,-147.8028,2021-04-18 15:31:11,scattered clouds,32.0,69,5.75,40,0,0
391,Cabo San Lucas,MX,22.8909,-109.9124,2021-04-18 15:31:11,clear sky,75.99,38,3.44,1,0,0
392,Vestmannaeyjar,IS,63.4427,-20.2734,2021-04-18 15:31:12,scattered clouds,39.2,81,19.57,40,0,0
393,Eureka,US,40.8021,-124.1637,2021-04-18 15:30:01,fog,44.6,100,3.44,90,0,0
394,Guipavas,FR,48.4352,-4.3972,2021-04-18 15:31:12,scattered clouds,60.8,44,3.44,40,0,0
395,Coari,BR,-4.085,-63.1414,2021-04-18 15:31:12,light rain,76.08,94,2.37,99,0,0
396,Varhaug,NO,58.6147,5.6457,2021-04-18 15:31:13,broken clouds,57.99,46,1.99,53,0,0
397,Magadan,RU,59.5667,150.8,2021-04-18 15:31:13,overcast clouds,29.66,96,4.52,95,0,0
398,Coyhaique,CL,-45.5752,-72.0662,2021-04-18 15:31:14,moderate rain,50.0,93,3.69,90,0,0
399,Orange Cove,US,36.6244,-119.3137,2021-04-18 15:31:14,clear sky,64.0,58,6.91,1,0,0
400,Clarksburg,US,39.2807,-80.3445,2021-04-18 15:28:34,broken clouds,55.0,71,6.91,75,0,0
401,Noumea,NC,-22.2763,166.4572,2021-04-18 15:31:15,clear sky,77.0,94,2.3,0,0,0
402,Dongsheng,CN,39.8161,109.9776,2021-04-18 15:31:15,overcast clouds,52.11,23,3.53,100,0,0
403,Kunya,NG,12.2233,8.5325,2021-04-18 15:31:16,clear sky,98.6,25,3.44,0,0,0
404,Santa Rosa,PH,14.3122,121.1114,2021-04-18 15:31:16,broken clouds,84.2,79,5.75,75,0,0
405,Bondo,CD,3.8146,23.6866,2021-04-18 15:31:16,light rain,75.13,81,3.33,96,0,0
406,Turukhansk,RU,65.8167,87.9833,2021-04-18 15:31:17,overcast clouds,15.8,86,16.2,100,0,0
407,Hofn,IS,64.2539,-15.2082,2021-04-18 15:31:17,scattered clouds,42.8,61,27.63,40,0,0
408,Beşikdüzü,TR,41.052,39.2284,2021-04-18 15:31:18,broken clouds,71.6,46,4.61,75,0,0
409,Vestmanna,FO,62.1564,-7.1664,2021-04-18 15:31:18,broken clouds,44.6,76,6.91,75,0,0
410,Mangit,UZ,40.5971,70.9607,2021-04-18 15:31:18,scattered clouds,59.0,51,6.91,41,0,0
411,Meulaboh,ID,4.1363,96.1285,2021-04-18 15:31:19,overcast clouds,79.54,79,1.88,95,0,0
412,Mount Gambier,AU,-37.8333,140.7667,2021-04-18 15:31:19,scattered clouds,50.0,100,10.36,44,0,0
413,Puerto Escondido,MX,15.85,-97.0667,2021-04-18 15:31:20,clear sky,82.4,89,4.61,1,0,0
414,Mildura,AU,-34.2,142.15,2021-04-18 15:28:08,clear sky,51.8,71,1.14,2,0,0
415,The Pas,CA,53.8251,-101.2541,2021-04-18 15:31:20,overcast clouds,24.8,68,9.22,90,0,0
416,Çanakkale Province,TR,40.0833,26.8333,2021-04-18 15:31:21,clear sky,60.8,72,4.61,0,0,0
417,Carupano,VE,10.6678,-63.2585,2021-04-18 15:31:21,scattered clouds,83.97,61,14.25,39,0,0
418,Port-Gentil,GA,-0.7193,8.7815,2021-04-18 15:31:22,few clouds,87.8,70,10.36,20,0,0
419,Mezen',RU,65.8522,44.24,2021-04-18 15:31:22,few clouds,30.2,67,1.7,20,0,0
420,Tot'ma,RU,59.9747,42.7642,2021-04-18 15:31:22,scattered clouds,38.97,53,7.99,29,0,0
421,Ulaanbaatar,MN,47.9077,106.8832,2021-04-18 15:29:22,clear sky,28.4,69,4.47,0,0,0
422,Ballina,AU,-28.8667,153.5667,2021-04-18 15:31:23,scattered clouds,59.0,88,9.22,43,0,0
423,Cabedelo,BR,-6.9811,-34.8339,2021-04-18 15:31:24,broken clouds,77.0,94,5.75,75,0,0
424,Pandan,PH,14.0453,124.1694,2021-04-18 15:31:24,heavy intensity rain,78.93,91,36.17,100,0,0
425,Jizan,SA,17.3333,42.6667,2021-04-18 15:31:24,few clouds,89.6,55,8.05,20,0,0
426,Shingū,JP,33.7333,135.9833,2021-04-18 15:31:25,clear sky,45.18,76,5.5,3,0,0
427,Bikramganj,IN,25.2,84.25,2021-04-18 15:31:25,clear sky,88.54,11,8.21,0,0,0
428,Dombarovskiy,RU,50.7587,59.5386,2021-04-18 15:31:26,broken clouds,57.85,59,13.22,55,0,0
429,Oksovskiy,RU,62.6062,39.8984,2021-04-18 15:31:26,clear sky,38.88,52,4.99,5,0,0
430,Mogadishu,SO,2.0371,45.3438,2021-04-18 15:31:27,few clouds,86.0,62,11.5,20,0,0
431,Moberly,US,39.4184,-92.4382,2021-04-18 15:31:27,broken clouds,53.6,54,8.05,75,0,0
432,Marabu,MY,4.4148,114.0089,2021-04-18 15:29:09,scattered clouds,77.0,83,8.05,40,0,0
433,Hasaki,JP,35.7333,140.8333,2021-04-18 15:31:28,broken clouds,55.4,38,12.66,75,0,0
434,Vila Franca do Campo,PT,37.7167,-25.4333,2021-04-18 15:31:28,scattered clouds,62.6,88,13.8,40,0,0
435,Chambishi,ZM,-12.6325,28.0537,2021-04-18 15:31:28,overcast clouds,61.47,78,4.85,87,0,0
436,Madang,PG,-5.2246,145.7966,2021-04-18 15:31:29,overcast clouds,74.59,86,5.1,100,0,0
437,Juneau,US,58.3019,-134.4197,2021-04-18 15:29:03,clear sky,44.01,87,8.25,1,0,0
438,Havre-St-Pierre,CA,50.2334,-63.5986,2021-04-18 15:31:29,overcast clouds,41.0,60,12.66,90,0,0
439,Long Xuyen,VN,10.3833,105.4167,2021-04-18 15:31:30,scattered clouds,77.0,100,2.3,40,0,0
440,Pontes e Lacerda,BR,-15.2261,-59.3353,2021-04-18 15:31:30,broken clouds,83.66,73,3.83,73,0,0
441,Muyezerskiy,RU,63.9333,31.65,2021-04-18 15:31:31,broken clouds,42.53,82,6.26,53,0,0
442,Lárdos,GR,36.0942,28.0157,2021-04-18 15:31:31,few clouds,75.2,38,11.5,20,0,0
443,Robertsport,LR,6.7533,-11.3686,2021-04-18 15:31:32,overcast clouds,83.39,71,10.02,100,0,0
444,Pinega,RU,64.7001,43.3936,2021-04-18 15:31:32,clear sky,33.98,48,3.69,9,0,0
445,Yumen,CN,40.2833,97.2,2021-04-18 15:31:32,overcast clouds,55.58,21,1.66,94,0,0
446,Deputatsky,RU,69.3,139.9,2021-04-18 15:31:33,overcast clouds,-1.89,94,7.0,100,0,0
447,Klaksvík,FO,62.2266,-6.589,2021-04-18 15:31:33,broken clouds,44.6,76,6.91,75,0,0
448,Departamento de Maldonado,UY,-34.6667,-54.9167,2021-04-18 15:31:34,scattered clouds,75.0,73,5.75,40,0,0
449,Berlevåg,NO,70.8578,29.0864,2021-04-18 15:31:34,few clouds,41.0,75,16.11,20,0,0
450,Saint-Augustin,CA,51.226,-58.6502,2021-04-18 15:31:34,overcast clouds,40.32,75,21.79,100,0,0
451,Port-Cartier,CA,50.0334,-66.8654,2021-04-18 15:31:35,overcast clouds,42.01,60,8.05,90,0,0
452,Ambanja,MG,-13.6833,48.45,2021-04-18 15:31:35,overcast clouds,76.57,90,3.38,92,0,0
453,Padang,ID,-0.9492,100.3543,2021-04-18 15:31:36,broken clouds,77.45,87,3.62,60,0,0
454,Saldanha,ZA,-33.0117,17.9442,2021-04-18 15:31:36,clear sky,82.4,28,9.22,5,0,0
455,Ayan,RU,56.45,138.1667,2021-04-18 15:31:37,overcast clouds,27.0,95,8.97,100,0,0
456,Calmeca,MX,18.6333,-98.6333,2021-04-18 15:31:37,clear sky,77.0,48,4.61,1,0,0
457,Oga,IT,46.4631,10.347,2021-04-18 15:31:38,broken clouds,53.01,41,5.75,75,0,0
458,Pogar,RU,52.554,33.2591,2021-04-18 15:31:38,overcast clouds,47.82,71,8.84,99,0,0
459,Fayaoué,NC,-20.65,166.5333,2021-04-18 15:31:39,scattered clouds,78.21,81,10.07,35,0,0
460,Ixtapa,MX,20.7,-105.2,2021-04-18 15:27:45,clear sky,77.0,73,3.44,1,0,0
461,Rome,US,43.2128,-75.4557,2021-04-18 15:31:39,overcast clouds,48.2,71,10.36,90,0,0
462,Tottori-shi,JP,35.5,134.2333,2021-04-18 15:27:27,clear sky,48.4,69,9.24,4,0,0
463,Key Largo,US,25.0865,-80.4473,2021-04-18 15:30:02,overcast clouds,84.0,74,5.01,92,0,0
464,San Quintín,MX,30.4833,-115.95,2021-04-18 15:31:40,few clouds,62.1,71,4.65,17,0,0
465,Port Hardy,CA,50.6996,-127.4199,2021-04-18 15:31:41,few clouds,48.2,87,4.18,20,0,0
466,Sola,VU,-13.8833,167.55,2021-04-18 15:31:41,broken clouds,82.67,72,6.26,58,0,0
467,Saint-François,FR,46.4154,3.9054,2021-04-18 15:31:42,clear sky,53.01,50,10.36,0,0,0
468,Skerries,IE,53.5828,-6.1083,2021-04-18 15:31:42,broken clouds,51.8,71,6.91,75,0,0
469,Opuwo,NA,-18.0607,13.84,2021-04-18 15:31:42,few clouds,83.89,27,9.48,21,0,0
470,Wanning,CN,18.8003,110.3967,2021-04-18 15:31:43,broken clouds,75.65,89,3.47,54,0,0
471,Masakin,TN,35.7292,10.5808,2021-04-18 15:31:43,scattered clouds,64.4,45,6.91,40,0,0
472,Rocha,UY,-34.4833,-54.3333,2021-04-18 15:31:44,clear sky,75.34,58,7.83,8,0,0
473,San Gavino Monreale,IT,39.5514,8.7917,2021-04-18 15:31:44,moderate rain,51.01,87,11.5,75,0,0
474,Pulaski,US,34.7668,-92.3001,2021-04-18 15:31:45,broken clouds,57.99,66,6.91,75,0,0
475,Kaili,ID,-3.4626,120.2147,2021-04-18 15:31:45,heavy intensity rain,65.1,95,3.78,99,0,0
476,Oussouye,SN,12.485,-16.5469,2021-04-18 15:31:45,clear sky,104.0,54,9.22,0,0,0
477,Ormond Beach,US,29.2858,-81.0559,2021-04-18 15:28:07,broken clouds,69.8,78,5.75,75,0,0
478,Port Lincoln,AU,-34.7333,135.8667,2021-04-18 15:31:46,scattered clouds,58.86,80,7.29,29,0,0
479,Srednekolymsk,RU,67.45,153.6833,2021-04-18 15:31:46,overcast clouds,15.53,87,15.26,91,0,0
480,Petrovskoye,RU,57.0104,39.2693,2021-04-18 15:31:47,broken clouds,48.18,64,16.87,73,0,0
481,Biryusinsk,RU,55.9634,97.8235,2021-04-18 15:31:47,broken clouds,26.13,94,4.54,67,0,0
482,Mongo,TD,12.1844,18.693,2021-04-18 15:31:48,few clouds,104.11,5,5.68,16,0,0
483,Pitimbu,BR,-7.4706,-34.8086,2021-04-18 15:31:48,broken clouds,77.0,94,5.75,75,0,0
484,Balyqshy,KZ,47.0667,51.8667,2021-04-18 15:31:49,scattered clouds,68.0,40,4.47,40,0,0
485,Sakakah,SA,29.9697,40.2064,2021-04-18 15:31:49,clear sky,91.4,11,2.57,0,0,0
486,Abalak,RU,58.1286,68.5944,2021-04-18 15:31:50,clear sky,18.86,52,12.21,6,0,0
487,Bereda,ES,43.2686,-7.5406,2021-04-18 15:31:50,overcast clouds,68.0,41,5.01,100,0,0
488,Carutapera,BR,-1.195,-46.02,2021-04-18 15:31:50,moderate rain,77.61,92,4.45,100,0,0
489,Letlhakeng,BW,-24.0944,25.0298,2021-04-18 15:31:51,few clouds,69.57,29,6.91,12,0,0
490,Kavaratti,IN,10.5669,72.642,2021-04-18 15:31:51,broken clouds,84.79,68,6.38,52,0,0
491,Derzhavīnsk,KZ,51.1,66.3167,2021-04-18 15:31:52,scattered clouds,50.43,63,17.02,46,0,0
492,Maneromango,TZ,-7.1988,38.7848,2021-04-18 15:31:52,light rain,75.2,88,9.22,90,0,0
493,Borogontsy,RU,62.6683,131.1683,2021-04-18 15:31:53,overcast clouds,6.67,98,2.46,100,0,0
494,Avera,US,33.194,-82.5271,2021-04-18 15:31:53,clear sky,69.8,43,3.44,1,0,0
495,Beian,NO,63.6559,9.5683,2021-04-18 15:31:54,clear sky,60.8,39,5.75,0,0,0
496,Shebalino,RU,51.2917,85.6772,2021-04-18 15:31:54,few clouds,41.16,60,10.83,11,0,0
497,Zhanakorgan,KZ,43.9098,67.2495,2021-04-18 15:31:54,overcast clouds,70.38,19,9.28,97,0,0
498,Cauquenes,CL,-35.9671,-72.3225,2021-04-18 15:31:55,few clouds,71.35,33,0.65,21,0,0
499,Ascension,US,30.2169,-90.9001,2021-04-18 15:31:55,clear sky,64.99,68,5.75,1,0,0
500,Kaeo,NZ,-35.1,173.7833,2021-04-18 15:31:56,scattered clouds,55.99,91,3.0,41,0,0
501,Pisco,PE,-13.7,-76.2167,2021-04-18 15:31:56,broken clouds,69.8,78,8.05,70,0,0
502,Hanko,FI,59.8333,22.95,2021-04-18 15:31:56,clear sky,41.31,71,14.41,0,0,0
503,Ahipara,NZ,-35.1667,173.1667,2021-04-18 15:31:57,scattered clouds,54.12,81,2.26,46,0,0
504,Luena,AO,-11.7833,19.9167,2021-04-18 15:30:02,scattered clouds,77.0,65,4.61,40,0,0
505,Grindavik,IS,63.8424,-22.4338,2021-04-18 15:31:57,scattered clouds,39.2,75,28.77,40,0,0
506,Santa Fe,AR,-31.6333,-60.7,2021-04-18 15:30:36,scattered clouds,82.99,60,5.99,44,0,0
507,Erzin,TR,36.9559,36.2,2021-04-18 15:31:58,broken clouds,86.0,42,2.3,75,0,0
508,Nantucket,US,41.2835,-70.0995,2021-04-18 15:31:58,clear sky,53.6,47,14.97,1,0,0
509,Ust'-Kachka,RU,58.006,55.6725,2021-04-18 15:31:59,clear sky,39.2,33,13.42,0,0,0
510,Penzance,GB,50.1186,-5.5371,2021-04-18 15:27:05,scattered clouds,52.0,62,10.36,40,0,0
511,Stephenville Crossing,CA,48.5,-58.4318,2021-04-18 15:31:59,broken clouds,46.4,66,28.77,75,0,0
512,Puerto Madryn,AR,-42.7692,-65.0385,2021-04-18 15:27:51,broken clouds,70.57,45,14.5,55,0,0
513,Greiz,DE,50.65,12.2,2021-04-18 15:32:00,light rain,46.99,84,2.35,97,0,0
514,Chokwé,MZ,-24.5333,32.9833,2021-04-18 15:32:00,clear sky,69.15,60,6.96,2,0,0
515,Karatsu,JP,33.4425,129.9697,2021-04-18 15:27:03,clear sky,46.99,29,1.01,9,0,0
516,Bol'shoye Murashkino,RU,55.7826,44.7754,2021-04-18 15:32:01,scattered clouds,46.53,71,19.1,50,0,0
517,Maxixe,MZ,-23.8597,35.3472,2021-04-18 15:32:01,few clouds,75.2,60,6.82,20,0,0
518,Sydney,AU,-33.8679,151.2073,2021-04-18 15:31:32,clear sky,57.2,88,6.91,0,0,0
519,Rūdsar,IR,37.1376,50.288,2021-04-18 15:32:02,clear sky,66.2,88,4.61,0,0,0
520,Emba,KZ,48.8264,58.1442,2021-04-18 15:32:03,overcast clouds,61.38,51,4.32,88,0,0
521,San Jerónimo,PE,-11.9472,-75.2829,2021-04-18 15:32:03,overcast clouds,60.37,50,2.53,90,0,0
522,Mason City,US,43.1536,-93.201,2021-04-18 15:32:03,clear sky,57.0,35,9.22,1,0,0
523,Longhua,CN,23.6137,114.1919,2021-04-18 15:32:04,overcast clouds,68.32,87,0.25,100,0,0
524,Adré,TD,13.4667,22.2,2021-04-18 15:32:04,clear sky,95.41,7,4.27,2,0,0
525,Skibbereen,IE,51.55,-9.2667,2021-04-18 15:32:05,light intensity drizzle,48.2,87,10.36,75,0,0
526,Khovd,MN,48.0056,91.6419,2021-04-18 15:32:05,clear sky,46.54,25,9.26,1,0,0
527,Bintulu,MY,3.1667,113.0333,2021-04-18 15:32:06,scattered clouds,75.2,94,3.44,40,0,0
528,Pahrump,US,36.2083,-115.9839,2021-04-18 15:32:06,clear sky,62.01,19,7.92,0,0,0
529,Usinsk,RU,65.9939,57.5281,2021-04-18 15:32:07,broken clouds,11.5,87,7.47,65,0,0
530,Olinda,BR,-8.0089,-34.8553,2021-04-18 15:32:07,mist,75.2,83,6.91,75,0,0
531,Tonj,SS,7.2737,28.6822,2021-04-18 15:32:07,overcast clouds,94.6,27,5.21,98,0,0
532,La Victoria,VE,10.2184,-67.3302,2021-04-18 15:32:08,few clouds,82.4,74,5.75,20,0,0
533,Port Pirie,AU,-33.1833,138.0167,2021-04-18 15:32:08,overcast clouds,51.8,87,5.75,92,0,0
534,Abu Samrah,SY,35.3029,37.1841,2021-04-18 15:32:09,broken clouds,83.41,24,5.86,66,0,0
535,Zabul Province,AF,32.25,67.25,2021-04-18 15:32:09,broken clouds,62.1,18,15.03,72,0,0
536,Dunmore Town,BS,25.5,-76.65,2021-04-18 15:32:09,overcast clouds,77.77,81,10.22,97,0,0
537,Governador Valadares,BR,-18.8511,-41.9494,2021-04-18 15:32:10,scattered clouds,88.5,46,2.33,28,0,0
538,Houma,US,29.5958,-90.7195,2021-04-18 15:28:03,broken clouds,64.99,77,11.5,75,0,0
539,Elizabeth City,US,36.2946,-76.2511,2021-04-18 15:32:11,scattered clouds,66.99,52,6.91,40,0,0
540,Hambantota,LK,6.1241,81.1185,2021-04-18 15:32:11,few clouds,80.6,94,5.75,20,0,0
541,Mrakovo,RU,52.7161,56.6244,2021-04-18 15:32:12,few clouds,49.68,61,5.82,14,0,0
542,Ndendé,GA,-2.4008,11.3581,2021-04-18 15:32:12,broken clouds,87.8,74,4.61,75,0,0
543,Bambous Virieux,MU,-20.3428,57.7575,2021-04-18 15:32:13,light rain,77.0,94,16.11,75,0,0
544,Brejo Santo,BR,-7.4933,-38.9872,2021-04-18 15:32:13,overcast clouds,88.07,46,2.06,85,0,0
545,Haines Junction,CA,60.7522,-137.5108,2021-04-18 15:32:13,overcast clouds,24.8,80,1.14,100,0,0
546,Los Llanos de Aridane,ES,28.6585,-17.9182,2021-04-18 15:32:14,few clouds,71.6,56,13.8,20,0,0
547,Kirakira,SB,-10.4544,161.9205,2021-04-18 15:32:14,broken clouds,79.45,84,4.94,65,0,0
548,Talcahuano,CL,-36.7167,-73.1167,2021-04-18 15:32:15,scattered clouds,62.6,72,9.22,40,0,0
549,Codó,BR,-4.4553,-43.8856,2021-04-18 15:32:15,overcast clouds,83.53,77,3.2,100,0,0
550,Alekseyevsk,RU,57.8406,108.3492,2021-04-18 15:32:15,overcast clouds,14.27,93,3.18,100,0,0
551,Ponta Delgada,PT,37.7333,-25.6667,2021-04-18 15:32:16,scattered clouds,62.6,88,13.8,40,0,0
552,Tiassalé,CI,5.8983,-4.8283,2021-04-18 15:32:16,scattered clouds,95.34,43,5.1,41,0,0
553,Mil'kovo,RU,54.7167,158.6167,2021-04-18 15:32:17,overcast clouds,30.87,92,0.81,100,0,0
554,Piedras Negras,MX,28.7,-100.5167,2021-04-18 15:32:17,scattered clouds,59.0,72,4.61,40,0,0
555,Miracema do Tocantins,BR,-9.5618,-48.3967,2021-04-18 15:32:17,overcast clouds,77.25,84,3.38,99,0,0
556,Almeirim,BR,-1.5233,-52.5817,2021-04-18 15:32:18,light rain,72.46,97,4.05,100,0,0
557,Along,IN,28.1667,94.7667,2021-04-18 15:32:18,overcast clouds,65.03,88,2.13,99,0,0
558,Morant Bay,JM,17.8815,-76.4093,2021-04-18 15:32:19,few clouds,89.01,74,25.32,20,0,0
559,Siavonga,ZM,-16.5382,28.7088,2021-04-18 15:32:19,overcast clouds,76.41,50,8.21,95,0,0
560,Port Antonio,JM,18.18,-76.4612,2021-04-18 15:32:20,few clouds,89.01,74,25.32,20,0,0
561,Murdochville,CA,48.9583,-65.5006,2021-04-18 15:32:20,overcast clouds,33.8,100,4.61,98,0,0
562,Tete,MZ,-16.1564,33.5867,2021-04-18 15:32:20,broken clouds,78.01,57,9.22,75,0,0
563,Gerāsh,IR,27.6652,54.1371,2021-04-18 15:32:21,scattered clouds,84.2,23,6.91,40,0,0
564,Gravdal,NO,68.1214,13.5031,2021-04-18 15:32:21,clear sky,48.2,61,10.36,0,0,0
565,Nampa,US,43.5407,-116.5635,2021-04-18 15:32:22,clear sky,52.0,49,1.52,1,0,0
566,Shaunavon,CA,49.6501,-108.4181,2021-04-18 15:32:22,light snow,32.0,93,11.5,100,0,0
567,São Miguel do Araguaia,BR,-13.275,-50.1628,2021-04-18 15:32:22,few clouds,88.48,52,1.7,20,0,0
568,Yar-Sale,RU,66.8333,70.8333,2021-04-18 15:32:23,broken clouds,-3.28,98,8.88,80,0,0
569,Tabou,CI,4.423,-7.3528,2021-04-18 15:32:23,broken clouds,84.96,68,9.82,73,0,0
570,Castle Rock,US,39.3722,-104.8561,2021-04-18 15:32:24,clear sky,42.01,53,1.99,3,0,0
571,Trojan,PL,53.7897,20.2404,2021-04-18 15:32:24,scattered clouds,59.0,67,8.05,40,0,0
572,Plettenberg Bay,ZA,-34.0527,23.3716,2021-04-18 15:32:24,clear sky,75.6,36,5.39,0,0,0
573,Syracuse,IT,37.0881,15.2792,2021-04-18 15:32:25,scattered clouds,62.6,77,11.5,40,0,0
574,Tumut,AU,-35.3,148.2167,2021-04-18 15:32:25,clear sky,44.6,87,3.44,9,0,0
575,Lanquín,GT,15.5667,-89.9667,2021-04-18 15:32:26,broken clouds,71.6,83,6.91,75,0,0
576,Snåase,NO,64.2457,12.3778,2021-04-18 15:32:26,scattered clouds,43.48,86,4.52,37,0,0
577,Smithers,CA,54.7804,-127.1743,2021-04-18 15:28:41,scattered clouds,48.2,49,14.97,40,0,0
578,Nefteyugansk,RU,61.0998,72.6035,2021-04-18 15:32:27,few clouds,12.2,62,11.18,20,0,0
579,Tsabong,BW,-26.0217,22.401,2021-04-18 15:32:27,clear sky,77.68,28,5.06,7,0,0
580,Mehamn,NO,71.0357,27.8492,2021-04-18 15:32:28,clear sky,41.0,65,12.66,0,0,0
581,Assiut,EG,27.181,31.1837,2021-04-18 15:32:28,clear sky,102.2,17,14.97,0,0,0
582,Hamilton,US,39.1834,-84.5333,2021-04-18 15:31:42,clear sky,59.0,50,5.77,1,0,0
583,Abonnema,NG,4.7084,6.7931,2021-04-18 15:32:28,broken clouds,87.8,66,3.44,75,0,0
584,Acaraú,BR,-2.8856,-40.12,2021-04-18 15:32:29,overcast clouds,83.23,72,10.67,99,0,0
585,Ratnagiri,IN,16.9833,73.3,2021-04-18 15:32:29,clear sky,83.16,78,9.86,0,0,0
586,Columbia,US,34.0007,-81.0348,2021-04-18 15:27:40,broken clouds,71.01,32,3.44,75,0,0
587,Oneida,US,43.2001,-75.4663,2021-04-18 15:32:30,overcast clouds,51.01,71,10.36,90,0,0
588,Jinji,CN,23.2281,110.8261,2021-04-18 15:32:30,overcast clouds,67.26,92,4.18,100,0,0
589,Grand Forks,US,47.9417,-97.4337,2021-04-18 15:31:55,snow,34.0,100,23.02,90,0,0
590,Aktash,RU,50.3,87.7333,2021-04-18 15:32:31,clear sky,22.42,74,5.55,1,0,0
591,Georgiyevka,KZ,43.0369,74.7114,2021-04-18 15:32:31,broken clouds,55.4,76,8.95,75,0,0
592,Lunca Corbului,RO,44.7,24.75,2021-04-18 15:32:32,overcast clouds,42.35,86,7.2,100,0,0
593,Janaúba,BR,-15.8025,-43.3089,2021-04-18 15:32:32,scattered clouds,92.77,26,6.29,32,0,0
594,Warrington,GB,53.3925,-2.5802,2021-04-18 15:32:33,few clouds,62.01,39,3.44,20,0,0
595,Palana,RU,59.1167,159.9667,2021-04-18 15:32:33,light snow,29.73,96,11.54,100,0,0
596,Sirte,LY,31.2089,16.5887,2021-04-18 15:32:33,overcast clouds,62.85,78,14.83,100,0,0
597,Grand Baie,MU,-20.0182,57.5802,2021-04-18 15:32:34,overcast clouds,77.0,84,5.01,100,0,0
598,Mālpur,IN,23.35,73.45,2021-04-18 15:32:34,few clouds,94.06,14,15.73,20,0,0
599,North Platte,US,41.1239,-100.7654,2021-04-18 15:28:06,clear sky,44.01,65,8.05,1,0,0
600,Teya,RU,60.3778,92.6267,2021-04-18 15:32:35,overcast clouds,12.78,97,1.3,100,0,0
601,Kiruna,SE,67.8557,20.2251,2021-04-18 15:32:35,clear sky,42.8,49,9.22,0,0,0
602,Reque,PE,-6.8656,-79.8178,2021-04-18 15:32:36,clear sky,77.0,65,4.61,0,0,0
603,Ekhabi,RU,53.5102,142.9671,2021-04-18 15:32:36,overcast clouds,31.6,95,10.51,100,0,0
604,Haileybury,CA,47.449,-79.6373,2021-04-18 15:32:37,clear sky,46.4,53,3.44,1,0,0
605,Maicao,CO,11.3832,-72.2432,2021-04-18 15:32:37,overcast clouds,88.68,53,17.9,87,0,0
606,São Félix do Xingu,BR,-6.6447,-51.995,2021-04-18 15:32:38,overcast clouds,77.4,80,2.93,100,0,0
607,Mana,GF,5.6592,-53.7767,2021-04-18 15:32:38,broken clouds,83.43,64,11.21,73,0,0
608,Isangel,VU,-19.55,169.2667,2021-04-18 15:32:39,heavy intensity rain,77.32,86,8.25,31,0,0
609,Kapuskasing,CA,49.4169,-82.4331,2021-04-18 15:32:39,few clouds,44.6,33,2.3,13,0,0
610,Palmer,US,42.1584,-72.3287,2021-04-18 15:32:40,scattered clouds,55.0,47,6.91,40,0,0
611,Igrim,RU,63.1906,64.4162,2021-04-18 15:32:40,broken clouds,16.05,77,7.18,69,0,0
612,Tullahoma,US,35.362,-86.2094,2021-04-18 15:29:11,clear sky,60.01,58,4.61,1,0,0
613,Røros,NO,62.5747,11.3842,2021-04-18 15:31:57,clear sky,50.0,34,8.05,0,0,0
614,Aklavik,CA,68.2191,-135.0107,2021-04-18 15:32:41,clear sky,26.6,80,4.61,1,0,0
615,Vostok,RU,46.4856,135.8833,2021-04-18 15:32:42,broken clouds,32.54,91,3.4,81,0,0
616,Westport,US,41.1415,-73.3579,2021-04-18 15:32:42,clear sky,60.01,58,14.97,1,0,0
617,Bibbiena,IT,43.6965,11.8135,2021-04-18 15:32:43,overcast clouds,57.0,47,3.0,98,0,0
618,Ambon City,ID,-3.6954,128.1814,2021-04-18 15:32:43,scattered clouds,77.0,94,9.22,40,0,0
619,Goma,CD,-1.6792,29.2228,2021-04-18 15:32:44,light rain,73.4,73,9.22,75,0,0
620,Olafsvik,IS,64.8945,-23.7142,2021-04-18 15:32:45,moderate rain,37.56,82,32.75,61,0,0
621,Yablochnyy,RU,47.1661,142.0661,2021-04-18 15:32:45,light rain,33.8,93,33.55,75,0,0
622,Slave Lake,CA,55.2834,-114.769,2021-04-18 15:32:46,broken clouds,32.0,80,9.22,75,0,0
623,Charter Township of Clinton,US,42.587,-82.9199,2021-04-18 15:29:12,broken clouds,55.99,58,5.75,75,0,0
624,Myre,NO,69.1036,15.9492,2021-04-18 15:32:46,clear sky,48.2,53,14.97,0,0,0
625,Münster,DE,51.9624,7.6257,2021-04-18 15:32:47,few clouds,63.0,51,5.75,20,0,0
626,Gaoual,GN,11.75,-13.2,2021-04-18 15:32:47,overcast clouds,101.01,26,3.06,98,0,0
627,Kasongo,CD,-4.45,26.6667,2021-04-18 15:32:48,light rain,74.32,89,3.87,89,0,0
628,Lata,PT,40.1629,-8.3327,2021-04-18 15:32:48,few clouds,75.99,45,9.22,20,0,0
629,Schattdorf,CH,46.8655,8.6547,2021-04-18 15:32:48,light rain,46.4,71,6.91,90,0,0
630,Churapcha,RU,62.0025,132.4325,2021-04-18 15:32:49,overcast clouds,15.78,90,5.41,100,0,0
631,Gannan,CN,47.9147,123.5031,2021-04-18 15:32:49,clear sky,49.96,36,4.03,4,0,0
632,Upata,VE,8.0086,-62.3989,2021-04-18 15:32:50,overcast clouds,90.09,32,9.46,100,0,0
633,Chapleau,CA,47.8405,-83.4034,2021-04-18 15:30:11,few clouds,44.6,33,3.44,20,0,0
634,Karakulino,RU,56.012,53.7067,2021-04-18 15:32:50,scattered clouds,41.59,48,14.07,43,0,0
635,Nanning,CN,22.8167,108.3167,2021-04-18 15:32:51,overcast clouds,68.0,94,4.47,90,0,0
636,Beshpagir,RU,45.0217,42.3808,2021-04-18 15:32:51,broken clouds,55.4,88,4.47,75,0,0
637,Port Blair,IN,11.6667,92.75,2021-04-18 15:27:52,scattered clouds,82.33,75,6.38,49,0,0
638,Bonthe,SL,7.5264,-12.505,2021-04-18 15:32:52,broken clouds,85.89,65,11.3,65,0,0
639,Takāb,IR,36.4009,47.1133,2021-04-18 15:32:52,broken clouds,61.36,37,6.53,79,0,0
640,Kodinsk,RU,58.6881,99.1844,2021-04-18 15:32:53,overcast clouds,24.57,85,5.86,100,0,0
641,Culebra,PR,18.303,-65.301,2021-04-18 15:32:53,few clouds,86.0,65,12.66,20,0,0
642,Spirovo,RU,57.419,34.9766,2021-04-18 15:32:54,broken clouds,48.58,57,11.72,81,0,0
643,Naumburg,DE,51.15,11.8167,2021-04-18 15:32:54,overcast clouds,48.0,93,1.01,100,0,0
644,Mankato,US,44.1636,-93.9994,2021-04-18 15:32:55,clear sky,55.99,43,6.91,1,0,0
645,Tazovsky,RU,67.4667,78.7,2021-04-18 15:32:55,few clouds,-11.67,96,9.73,11,0,0
646,Apac,UG,1.9756,32.5386,2021-04-18 15:32:55,overcast clouds,73.62,69,3.42,100,0,0
647,Yerbogachën,RU,61.2767,108.0108,2021-04-18 15:32:56,overcast clouds,7.18,94,3.36,93,0,0
648,Kholtoson,RU,50.2981,103.3097,2021-04-18 15:32:56,broken clouds,29.91,84,3.27,68,0,0
649,Salinas,US,36.6777,-121.6555,2021-04-18 15:32:57,mist,51.8,100,4.61,90,0,0
650,Yangjiang,CN,21.85,111.9667,2021-04-18 15:32:57,overcast clouds,71.91,83,9.62,100,0,0
651,Lindi,TZ,-10.0,39.7167,2021-04-18 15:32:57,broken clouds,82.4,65,23.02,75,0,0
652,Coxim,BR,-18.5067,-54.76,2021-04-18 15:32:58,clear sky,94.6,34,2.66,5,0,0
653,Dalby,AU,-27.1833,151.2667,2021-04-18 15:32:58,scattered clouds,48.2,100,5.5,40,0,0
654,Qaqortoq,GL,60.7167,-46.0333,2021-04-18 15:32:59,scattered clouds,30.2,27,6.91,30,0,0
655,Boa Vista,BR,2.8197,-60.6733,2021-04-18 15:32:59,scattered clouds,87.8,48,14.97,40,0,0
656,Inta,RU,66.0317,60.1659,2021-04-18 15:32:59,broken clouds,10.36,89,3.67,73,0,0
657,Sawākin,SD,19.1059,37.3321,2021-04-18 15:33:00,clear sky,82.92,69,7.05,0,0,0
658,Byron Bay,AU,-28.65,153.6167,2021-04-18 15:33:00,broken clouds,59.0,88,9.22,57,0,0
659,Cuamba,MZ,-14.8031,36.5372,2021-04-18 15:33:01,overcast clouds,66.33,78,5.14,86,0,0
660,George Town,MY,5.4112,100.3354,2021-04-18 15:33:01,few clouds,84.2,79,4.61,20,0,0
661,Ulvik,NO,60.5672,6.9187,2021-04-18 15:33:02,clear sky,53.6,32,4.61,0,0,0
662,San Juan,AR,-31.5375,-68.5364,2021-04-18 15:33:02,few clouds,81.66,43,7.27,23,0,0
663,Petra,JO,30.3222,35.4793,2021-04-18 15:33:02,clear sky,82.02,15,7.65,7,0,0
664,Tegul'det,RU,57.3064,88.1667,2021-04-18 15:33:03,overcast clouds,34.0,83,9.17,100,0,0
665,Monrovia,LR,6.3005,-10.7969,2021-04-18 15:33:03,light rain,89.6,62,11.5,40,0,0
666,Nieuw Amsterdam,SR,5.8833,-55.0833,2021-04-18 15:33:04,scattered clouds,86.0,66,11.5,40,0,0
667,Riyadh,SA,24.6877,46.7219,2021-04-18 15:30:05,clear sky,93.2,9,9.22,0,0,0
668,Kamenka,RU,51.3223,42.7678,2021-04-18 15:33:04,broken clouds,53.47,54,0.29,58,0,0
669,Nelson Bay,AU,-32.7167,152.15,2021-04-18 15:33:05,scattered clouds,55.0,100,3.44,40,0,0
670,Alexander City,US,32.944,-85.9539,2021-04-18 15:33:05,clear sky,68.0,48,5.75,1,0,0
671,Jacareacanga,BR,-6.2222,-57.7528,2021-04-18 15:33:06,overcast clouds,74.7,95,2.57,100,0,0
672,Dhenkānāl,IN,20.6667,85.6,2021-04-18 15:33:06,broken clouds,84.0,89,2.3,75,0,0
673,Khasan,RU,42.4308,130.6434,2021-04-18 15:33:06,clear sky,46.71,55,6.44,2,0,0
674,Bathsheba,BB,13.2167,-59.5167,2021-04-18 15:33:07,scattered clouds,86.0,51,23.02,40,0,0
675,Cangzhou,CN,38.3167,116.8667,2021-04-18 15:33:07,clear sky,60.94,30,13.09,2,0,0
676,Harper,LR,4.375,-7.7169,2021-04-18 15:33:06,overcast clouds,85.23,68,9.22,87,0,0
677,Palauig,PH,15.435,119.9045,2021-04-18 15:33:08,overcast clouds,79.88,79,2.86,93,0,0
678,Fujin,CN,47.26,132.0322,2021-04-18 15:33:08,broken clouds,46.58,57,6.15,60,0,0
679,Laguna,US,38.421,-121.4238,2021-04-18 15:32:34,clear sky,63.0,33,6.91,1,0,0
680,Dingle,PH,10.9995,122.6711,2021-04-18 15:33:09,overcast clouds,77.56,73,3.4,100,0,0
681,Altagracia de Orituco,VE,9.8601,-66.3814,2021-04-18 15:33:09,overcast clouds,90.52,34,7.72,100,0,0
682,Cairns,AU,-16.9167,145.7667,2021-04-18 15:30:50,light rain,75.2,94,12.66,90,0,0
683,Mendi,PG,-6.1761,143.6513,2021-04-18 15:33:10,overcast clouds,54.79,97,2.75,100,0,0
684,Pacifica,US,37.6138,-122.4869,2021-04-18 15:33:10,clear sky,59.0,71,4.74,1,0,0
685,Linjiang,CN,41.8069,126.9078,2021-04-18 15:29:03,clear sky,41.76,62,3.24,0,0,0
686,Zapolyarnyy,RU,69.4154,30.8136,2021-04-18 15:33:11,clear sky,46.4,53,5.75,0,0,0
687,Mareeba,AU,-17.0,145.4333,2021-04-18 15:33:11,overcast clouds,75.2,94,12.66,90,0,0
688,Imeni Poliny Osipenko,RU,52.4201,136.4853,2021-04-18 15:33:12,overcast clouds,34.77,95,11.7,92,0,0
689,Elko,US,41.0002,-115.5012,2021-04-18 15:29:19,clear sky,41.0,48,2.42,1,0,0
690,Sept-Îles,CA,50.2001,-66.3821,2021-04-18 15:33:12,overcast clouds,42.01,60,8.05,90,0,0
691,Gandajika,CD,-6.75,23.95,2021-04-18 15:33:13,light rain,72.72,86,5.14,100,0,0
692,Ashland,US,40.8167,-82.2665,2021-04-18 15:33:14,broken clouds,55.99,66,1.01,62,0,0
693,Mtinko,TZ,-4.55,34.85,2021-04-18 15:33:14,light rain,63.3,87,8.86,73,0,0
694,Broken Hill,AU,-31.95,141.4333,2021-04-18 15:33:15,clear sky,51.8,54,1.72,7,0,0
695,Ullapool,GB,57.8987,-5.1604,2021-04-18 15:33:15,overcast clouds,51.01,62,4.0,100,0,0
696,Ikongo,MG,-21.8833,47.4333,2021-04-18 15:33:16,overcast clouds,63.03,90,1.12,100,0,0
697,Korem,ET,12.5058,39.5228,2021-04-18 15:33:16,scattered clouds,63.82,37,8.08,49,0,0
698,Polyanka,UA,50.2584,27.6881,2021-04-18 15:33:16,overcast clouds,50.54,80,3.2,100,0,0
699,Terrace,CA,54.5163,-128.6035,2021-04-18 15:33:17,clear sky,44.6,65,17.27,1,0,0
700,Izvestkovyy,RU,48.9833,131.55,2021-04-18 15:33:17,clear sky,39.34,79,3.0,2,0,0
701,Sabang,ID,5.8933,95.3214,2021-04-18 15:33:18,light rain,84.27,72,14.65,58,0,0
702,Marawi,PH,7.9986,124.2928,2021-04-18 15:33:18,overcast clouds,75.0,86,8.01,100,0,0
703,Senneterre,CA,48.3835,-77.2328,2021-04-18 15:33:19,broken clouds,42.8,56,9.22,75,0,0
704,Ferme-Neuve,CA,46.7001,-75.4493,2021-04-18 15:33:19,overcast clouds,51.8,58,2.3,100,0,0
705,Sinnamary,GF,5.3833,-52.95,2021-04-18 15:33:20,overcast clouds,82.71,66,11.52,96,0,0
706,Jiuquan,CN,39.7432,98.5174,2021-04-18 15:33:20,overcast clouds,58.91,15,4.21,100,0,0
707,Guiratinga,BR,-16.3494,-53.7583,2021-04-18 15:33:21,clear sky,88.39,44,4.43,3,0,0
708,Jacqueville,CI,5.2052,-4.4146,2021-04-18 15:33:21,few clouds,91.4,58,11.5,20,0,0
709,French Harbor,HN,16.35,-86.4333,2021-04-18 15:33:22,clear sky,87.01,79,13.8,0,0,0
710,Auki,SB,-8.7676,160.7034,2021-04-18 15:33:22,overcast clouds,77.4,87,3.22,89,0,0
711,Xining,CN,36.6167,101.7667,2021-04-18 15:33:22,broken clouds,51.28,39,14.54,84,0,0
712,Turinskaya Sloboda,RU,57.6232,64.3858,2021-04-18 15:33:23,clear sky,27.66,43,8.59,3,0,0
713,Volchanets,RU,42.9131,132.7469,2021-04-18 15:33:23,clear sky,45.09,67,8.81,2,0,0
714,Batemans Bay,AU,-35.7167,150.1833,2021-04-18 15:30:05,broken clouds,55.99,82,3.0,56,0,0
715,Sikeston,US,36.8767,-89.5879,2021-04-18 15:33:24,clear sky,59.0,63,3.47,1,0,0
716,Mahon,ES,39.8885,4.2658,2021-04-18 15:33:24,few clouds,59.0,41,17.27,20,0,0
717,Campos Belos,BR,-13.0367,-46.7717,2021-04-18 15:33:25,broken clouds,91.0,33,2.46,72,0,0
718,Vung Tau,VN,10.346,107.0843,2021-04-18 15:30:27,broken clouds,81.46,71,7.63,63,0,0
719,Zhangaözen,KZ,43.3,52.8,2021-04-18 15:33:25,overcast clouds,63.32,39,8.5,100,0,0
720,Mishan,CN,45.55,131.8833,2021-04-18 15:33:26,clear sky,44.33,61,7.29,2,0,0
721,Güicán,CO,6.4618,-72.4113,2021-04-18 15:33:26,overcast clouds,56.68,77,2.06,100,0,0
722,Gorgan,IR,36.8387,54.4348,2021-04-18 15:33:27,clear sky,78.8,44,4.61,0,0,0
723,Pangai,TO,-19.8,-174.35,2021-04-18 15:33:27,overcast clouds,77.67,67,8.75,96,0,0
724,Rondonópolis,BR,-16.4708,-54.6356,2021-04-18 15:33:27,clear sky,94.84,37,2.46,3,0,0
725,Gushikawa,JP,26.3544,127.8686,2021-04-18 15:33:28,broken clouds,64.4,77,5.75,75,0,0
726,Biggar,GB,55.6167,-3.5167,2021-04-18 15:33:28,scattered clouds,55.0,58,8.05,40,0,0
727,Camacha,PT,33.0833,-16.3333,2021-04-18 15:33:29,few clouds,68.0,64,11.5,20,0,0
728,Gazojak,TM,41.1875,61.4036,2021-04-18 15:33:29,broken clouds,76.23,12,3.67,76,0,0
729,Acapulco de Juárez,MX,16.8634,-99.8901,2021-04-18 15:33:30,few clouds,80.6,69,3.8,20,0,0
730,Tari,NG,12.4086,4.4914,2021-04-18 15:33:30,broken clouds,106.18,13,1.52,80,0,0
731,Zalţan,LY,32.947,11.8665,2021-04-18 15:33:30,few clouds,62.92,60,15.41,14,0,0
732,Bouaflé,CI,6.9904,-5.7442,2021-04-18 15:33:31,broken clouds,93.2,52,6.91,75,0,0
733,Youkounkoun,GN,12.5333,-13.1333,2021-04-18 15:33:31,overcast clouds,104.67,18,3.8,100,0,0
734,Belance,PH,16.1833,121.25,2021-04-18 15:33:32,overcast clouds,63.95,95,3.94,100,0,0
735,Port Macquarie,AU,-31.4333,152.9167,2021-04-18 15:33:32,scattered clouds,54.0,95,1.01,40,0,0
736,Shimokizukuri,JP,40.8061,140.3861,2021-04-18 15:33:32,light rain,46.99,85,10.0,100,0,0
737,Boaco,NI,12.4722,-85.6586,2021-04-18 15:33:33,scattered clouds,87.8,55,4.61,40,0,0
738,Whitehorse,CA,60.7161,-135.0538,2021-04-18 15:28:47,clear sky,32.0,69,2.3,1,0,0
739,Boyolangu,ID,-8.1181,111.8935,2021-04-18 15:33:34,broken clouds,74.23,90,1.39,68,0,0
740,Yangi Marg`ilon,UZ,40.4272,71.7189,2021-04-18 15:33:34,overcast clouds,60.8,48,6.91,90,0,0
741,Cooma,AU,-36.2333,149.1333,2021-04-18 15:33:35,clear sky,35.6,100,1.41,4,0,0
742,Roald,NO,62.5833,6.1333,2021-04-18 15:33:35,clear sky,55.4,44,6.91,0,0,0
743,Aswān,EG,24.0934,32.907,2021-04-18 15:33:36,clear sky,97.77,18,16.71,0,0,0
744,Bangolo,CI,7.0069,-7.475,2021-04-18 15:33:36,broken clouds,94.24,35,4.65,65,0,0
745,Bhachāu,IN,23.2833,70.35,2021-04-18 15:33:36,broken clouds,90.72,27,11.1,69,0,0
746,Marsh Harbour,BS,26.5412,-77.0636,2021-04-18 15:33:37,overcast clouds,79.54,72,13.8,98,0,0
747,Cervo,ES,43.6702,-7.4101,2021-04-18 15:33:37,overcast clouds,70.0,33,5.01,100,0,0
748,Agüimes,ES,27.9054,-15.4461,2021-04-18 15:33:38,few clouds,72.0,56,29.93,20,0,0
749,Marolambo,MG,-20.05,48.1167,2021-04-18 15:33:38,overcast clouds,63.28,90,2.15,99,0,0
750,Shakiso,ET,5.75,38.9167,2021-04-18 15:33:38,light rain,60.71,96,3.49,84,0,0
751,Huai Thalaeng,TH,14.997,102.6475,2021-04-18 15:33:39,moderate rain,84.99,95,6.51,92,0,0
752,Amahai,ID,-3.3333,128.9167,2021-04-18 15:33:39,overcast clouds,78.49,82,0.67,99,0,0
753,Morón,AR,-34.6534,-58.6198,2021-04-18 15:33:40,scattered clouds,72.0,80,5.99,31,0,0
754,Safi,MA,32.2994,-9.2372,2021-04-18 15:32:07,scattered clouds,68.34,69,23.89,38,0,0
755,Kayasula,RU,44.325,45.0,2021-04-18 15:33:40,broken clouds,58.39,74,8.23,84,0,0
756,Lukang,TW,24.0567,120.4352,2021-04-18 15:33:41,broken clouds,70.0,60,9.22,75,0,0
757,Dunedin,NZ,-45.8742,170.5036,2021-04-18 15:32:47,overcast clouds,54.0,74,1.99,100,0,0
758,Banda Aceh,ID,5.5577,95.3222,2021-04-18 15:33:41,light rain,81.63,78,9.6,43,0,0
759,Troitskoye,RU,52.9821,84.6757,2021-04-18 15:33:42,overcast clouds,43.77,71,14.7,100,0,0
760,Kita,ML,13.0349,-9.4895,2021-04-18 15:33:42,overcast clouds,105.33,14,2.21,100,0,0
761,Ossora,RU,59.2353,163.0719,2021-04-18 15:33:43,overcast clouds,26.82,92,3.42,100,0,0
762,Buriti dos Lopes,BR,-3.175,-41.8669,2021-04-18 15:33:43,broken clouds,89.6,62,11.5,75,0,0
763,Hirado,JP,33.3597,129.5531,2021-04-18 15:33:43,scattered clouds,51.01,29,1.01,25,0,0
764,Harlingen,US,26.1906,-97.6961,2021-04-18 15:29:50,overcast clouds,57.99,82,14.97,90,0,0
765,Ormara,PK,25.2088,64.6357,2021-04-18 15:33:44,scattered clouds,81.73,69,16.8,29,0,0
766,Presidencia Roque Sáenz Peña,AR,-26.7852,-60.4388,2021-04-18 15:33:44,clear sky,84.99,63,4.0,0,0,0
767,Luwuk,ID,-0.9516,122.7875,2021-04-18 15:33:45,overcast clouds,75.2,84,3.47,100,0,0
768,Tapes,BR,-30.6733,-51.3958,2021-04-18 15:33:45,broken clouds,74.95,66,12.17,78,0,0
769,Mnogovershinnyy,RU,53.9353,139.9242,2021-04-18 15:33:46,overcast clouds,28.26,94,4.05,93,0,0
770,Muroto-misakicho,JP,33.2833,134.15,2021-04-18 15:33:46,clear sky,53.85,56,13.18,2,0,0
771,Bilma,NE,18.6853,12.9164,2021-04-18 15:33:46,scattered clouds,104.2,3,10.36,45,0,0
772,Kysyl-Syr,RU,63.8986,122.7617,2021-04-18 15:33:47,overcast clouds,-4.07,100,2.89,85,0,0
773,Tomohon,ID,1.3346,124.8392,2021-04-18 15:33:47,few clouds,75.2,94,1.14,20,0,0
774,Yala,TH,6.3333,101.25,2021-04-18 15:33:48,light rain,74.93,94,2.82,100,0,0
775,Kampong Thom,KH,12.7111,104.8887,2021-04-18 15:33:48,broken clouds,81.43,74,7.25,63,0,0
776,Limbdi,IN,22.5667,71.8,2021-04-18 15:33:49,few clouds,93.9,19,13.02,15,0,0
777,Manggar,ID,-2.8833,108.2667,2021-04-18 15:33:49,overcast clouds,82.13,70,2.51,100,0,0
778,Tergnier,FR,49.6561,3.3011,2021-04-18 15:33:49,clear sky,59.0,54,8.05,0,0,0
779,Bariloche,AR,-41.1456,-71.3082,2021-04-18 15:30:36,scattered clouds,60.8,44,5.75,40,0,0
780,Inhambane,MZ,-23.865,35.3833,2021-04-18 15:33:50,few clouds,75.2,60,7.61,20,0,0
781,Limbang,MY,4.75,115.0,2021-04-18 15:33:11,broken clouds,77.0,88,2.3,75,0,0
782,Mitsamiouli,KM,-11.3847,43.2844,2021-04-18 15:33:51,light rain,84.2,74,17.27,40,0,0
783,Mokrousovo,RU,55.8103,66.7653,2021-04-18 15:33:51,scattered clouds,27.73,44,16.08,26,0,0
784,Sarkand,KZ,45.41,79.9186,2021-04-18 15:33:51,overcast clouds,54.84,49,9.15,100,0,0
785,Fougamou,GA,-1.2154,10.5838,2021-04-18 15:33:52,scattered clouds,93.2,59,2.53,40,0,0
786,Yankton,US,42.8711,-97.3973,2021-04-18 15:33:52,clear sky,53.6,37,14.97,1,0,0
787,Marabba,SD,12.35,32.1833,2021-04-18 15:33:53,clear sky,102.04,6,5.86,4,0,0
788,Thanh Hoa,VN,19.8,105.7667,2021-04-18 15:33:53,overcast clouds,74.01,96,3.2,100,0,0
789,Tecpan,GT,14.7623,-90.9947,2021-04-18 15:33:54,broken clouds,72.0,73,6.91,75,0,0
790,Hunterville,NZ,-39.9333,175.5667,2021-04-18 15:33:54,overcast clouds,55.99,81,3.0,98,0,0
791,Ayagoz,KZ,47.9714,80.4392,2021-04-18 15:33:54,overcast clouds,54.0,57,3.91,88,0,0
792,Zarasai,LT,55.7333,26.25,2021-04-18 15:33:55,clear sky,56.88,47,8.14,6,0,0
793,Litovko,RU,49.2361,135.1742,2021-04-18 15:33:55,overcast clouds,39.58,88,4.32,97,0,0
794,Rio Grande,BR,-32.035,-52.0986,2021-04-18 15:33:56,scattered clouds,77.0,61,13.8,40,0,0
795,Tiarei,PF,-17.5333,-149.3333,2021-04-18 15:33:57,few clouds,77.0,78,2.3,20,0,0
796,Lazurne,UA,46.084,32.5295,2021-04-18 15:33:57,broken clouds,55.0,100,3.53,78,0,0
797,Mocuba,MZ,-16.8392,36.9856,2021-04-18 15:33:57,overcast clouds,67.73,91,3.83,95,0,0
798,Mananjary,MG,-21.2167,48.3333,2021-04-18 15:33:58,overcast clouds,70.72,73,6.04,100,0,0
799,Soyo,AO,-6.1349,12.3689,2021-04-18 15:33:58,light rain,87.8,70,8.05,20,0,0
800,Kouroussa,GN,10.65,-9.8833,2021-04-18 15:33:59,overcast clouds,98.26,24,5.14,100,0,0
801,Ponnāni,IN,10.767,75.9252,2021-04-18 15:33:59,haze,84.2,70,2.39,40,0,0
802,Micomeseng,GQ,2.1462,10.6164,2021-04-18 15:34:00,light rain,76.08,89,5.59,95,0,0
803,Dubovyy Umët,RU,52.9763,50.2857,2021-04-18 15:34:00,clear sky,59.0,23,8.95,0,0,0
804,Trincomalee,LK,8.5711,81.2335,2021-04-18 15:34:00,overcast clouds,84.04,69,0.69,95,0,0
805,Villaviciosa,ES,43.4813,-5.4357,2021-04-18 15:34:01,broken clouds,60.01,65,8.08,72,0,0
806,Mamlyutka,KZ,54.9375,68.5394,2021-04-18 15:34:01,clear sky,28.26,50,14.56,6,0,0
807,Yaypan,UZ,40.3758,70.8156,2021-04-18 15:34:02,broken clouds,67.24,35,13.38,54,0,0
808,Umluj,SA,25.0213,37.2685,2021-04-18 15:34:02,clear sky,81.27,63,5.57,0,0,0
809,Lanxi,CN,29.2195,119.477,2021-04-18 15:34:03,overcast clouds,59.61,72,3.58,100,0,0
810,Namtsy,RU,62.7161,129.6658,2021-04-18 15:34:03,clear sky,23.0,46,6.71,0,0,0
811,Mazagão,BR,-0.115,-51.2894,2021-04-18 15:34:04,overcast clouds,80.6,89,6.91,90,0,0
812,Kirkwood,US,38.5834,-90.4068,2021-04-18 15:34:04,broken clouds,59.0,58,5.5,75,0,0
813,Bambamarca,PE,-6.6833,-78.5333,2021-04-18 15:34:05,light rain,68.0,52,3.44,20,0,0
814,Paraty,BR,-23.2178,-44.7131,2021-04-18 15:32:04,broken clouds,73.4,73,3.44,75,0,0
815,Āsosa,ET,10.0667,34.5333,2021-04-18 15:34:05,overcast clouds,79.25,11,2.24,85,0,0
816,Lucea,JM,18.451,-78.1736,2021-04-18 15:34:06,few clouds,84.2,65,12.66,20,0,0
817,El Rincón,HN,14.5833,-87.9333,2021-04-18 15:34:06,broken clouds,68.0,77,4.61,75,0,0
818,Sisimiut,GL,66.9395,-53.6735,2021-04-18 15:34:07,overcast clouds,18.55,61,14.23,100,0,0
819,Hulan Ergi,CN,47.2042,123.6333,2021-04-18 15:34:07,scattered clouds,50.0,34,6.46,45,0,0
820,Panguna,PG,-6.3164,155.4848,2021-04-18 15:34:07,scattered clouds,68.13,94,2.46,45,0,0
821,Suntar,RU,62.1444,117.6319,2021-04-18 15:34:08,overcast clouds,16.05,92,6.98,100,0,0
822,Chamba,IN,32.5667,76.1333,2021-04-18 15:34:08,clear sky,60.44,65,9.44,6,0,0
823,Lethem,GY,3.3803,-59.7968,2021-04-18 15:34:09,scattered clouds,86.0,66,13.8,40,0,0
824,Soledade,BR,-28.8183,-52.5103,2021-04-18 15:32:26,scattered clouds,73.4,53,8.61,39,0,0
825,Diego de Almagro,CL,-26.3667,-70.05,2021-04-18 15:34:09,clear sky,79.79,23,7.07,10,0,0
826,Shubarshi,KZ,48.5872,57.1869,2021-04-18 15:34:10,overcast clouds,60.51,60,9.6,98,0,0
827,Luján,AR,-34.5703,-59.105,2021-04-18 15:34:10,few clouds,75.0,78,1.99,22,0,0
828,Chadiza,ZM,-14.0678,32.4392,2021-04-18 15:34:10,overcast clouds,60.84,85,6.67,92,0,0
829,Karasjok,NO,69.4719,25.5112,2021-04-18 15:34:11,clear sky,46.4,49,11.5,0,0,0
830,Pierre,US,44.3683,-100.351,2021-04-18 15:34:11,broken clouds,55.99,53,9.22,75,0,0
831,Burns Lake,CA,54.2331,-125.7533,2021-04-18 15:30:11,overcast clouds,44.6,49,5.75,89,0,0
832,Oddur,SO,4.1213,43.8894,2021-04-18 15:34:12,broken clouds,84.04,52,7.74,75,0,0
833,Mudgee,AU,-32.5943,149.5871,2021-04-18 15:34:12,clear sky,41.0,100,3.02,0,0,0
834,Kamenskiy,RU,50.8855,45.488,2021-04-18 15:34:13,overcast clouds,53.28,55,4.88,100,0,0
835,Great Bend,US,38.3645,-98.7648,2021-04-18 15:32:13,clear sky,55.99,71,8.05,1,0,0
836,Kushmurun,KZ,52.4503,64.6311,2021-04-18 15:34:14,few clouds,41.7,64,23.96,16,0,0
837,Tshikapa,CD,-6.4167,20.8,2021-04-18 15:34:14,overcast clouds,80.47,74,3.44,93,0,0
838,Baykit,RU,61.67,96.37,2021-04-18 15:34:15,light snow,25.09,96,6.2,100,0,0
839,Uren',RU,57.4552,45.7852,2021-04-18 15:34:15,overcast clouds,38.52,74,9.53,100,0,0
840,Itoman,JP,26.1247,127.6694,2021-04-18 15:34:15,broken clouds,64.4,63,10.36,75,0,0
841,Manokwari,ID,-0.8667,134.0833,2021-04-18 15:34:16,overcast clouds,78.33,80,1.14,97,0,0
842,Arrondissement d'Ajaccio,FR,42.0,8.9167,2021-04-18 15:34:16,light rain,51.8,76,12.66,90,0,0
843,Ucluelet,CA,48.9329,-125.5528,2021-04-18 15:34:17,few clouds,59.0,93,3.87,20,0,0
844,Fare,PF,-16.7,-151.0167,2021-04-18 15:34:17,clear sky,81.72,72,11.32,3,0,0
845,Nālūt,LY,30.3333,10.85,2021-04-18 15:34:18,clear sky,72.3,18,15.97,0,0,0
846,Ginir,ET,7.1333,40.7,2021-04-18 15:34:18,moderate rain,61.74,82,3.18,98,0,0
847,Cassilândia,BR,-19.1133,-51.7342,2021-04-18 15:34:19,clear sky,88.93,36,6.51,0,0,0
848,Nortelândia,BR,-14.4547,-56.8028,2021-04-18 15:34:19,broken clouds,89.51,53,2.66,52,0,0
849,Shimoda,JP,34.6667,138.95,2021-04-18 15:34:19,clear sky,51.01,70,1.99,0,0,0
850,Darasun,RU,51.6667,114.0,2021-04-18 15:34:20,clear sky,24.8,30,8.95,0,0,0
851,Nampula,MZ,-15.1165,39.2666,2021-04-18 15:34:20,scattered clouds,73.4,68,12.66,40,0,0
852,Saryg-Sep,RU,51.5,95.6,2021-04-18 15:34:21,overcast clouds,40.28,49,3.36,93,0,0
853,Luanda,AO,-8.8368,13.2343,2021-04-18 15:34:09,light rain,87.8,66,12.66,20,0,0
854,Valerianovsk,RU,58.76,59.5522,2021-04-18 15:34:21,broken clouds,27.79,51,4.38,52,0,0
855,Rohru,IN,31.2167,77.75,2021-04-18 15:34:22,clear sky,52.16,67,4.07,8,0,0
856,Neenah,US,44.1858,-88.4626,2021-04-18 15:30:17,clear sky,52.0,53,1.99,8,0,0
857,Nhulunbuy,AU,-12.2333,136.7667,2021-04-18 15:34:22,overcast clouds,80.6,78,6.91,91,0,0
858,Boli,CN,45.7667,130.5167,2021-04-18 15:34:23,few clouds,44.29,58,5.5,11,0,0
859,Dzaoudzi,YT,-12.7887,45.2699,2021-04-18 15:34:23,light rain,84.2,74,3.44,20,0,0
860,Thai Binh,VN,20.45,106.3333,2021-04-18 15:34:23,broken clouds,75.2,94,5.75,75,0,0
861,Laas,IT,46.6166,10.7002,2021-04-18 15:34:24,scattered clouds,62.6,39,9.22,40,0,0
862,Poptún,GT,16.3311,-89.4169,2021-04-18 15:34:24,few clouds,87.26,48,4.47,24,0,0
863,Jalingo,NG,8.8833,11.3667,2021-04-18 15:34:25,broken clouds,100.06,26,5.86,80,0,0
864,Kutum,SD,14.2,24.6667,2021-04-18 15:34:25,clear sky,89.11,5,8.05,5,0,0
865,Sungai Penuh,ID,-2.0833,101.3833,2021-04-18 15:34:26,broken clouds,63.75,97,0.76,84,0,0
866,Simplício Mendes,BR,-7.8539,-41.9103,2021-04-18 15:34:26,overcast clouds,90.05,41,5.73,97,0,0
867,Workington,GB,54.6425,-3.5441,2021-04-18 15:34:26,overcast clouds,48.99,71,1.01,100,0,0
868,Micheweni,TZ,-4.9667,39.8333,2021-04-18 15:34:27,very heavy rain,75.97,95,7.31,100,0,0
869,Rodrigues Alves,BR,-7.738,-72.6509,2021-04-18 15:34:27,broken clouds,89.6,70,5.75,75,0,0
870,Bushehr,IR,28.9684,50.8385,2021-04-18 15:34:28,clear sky,77.0,73,9.22,0,0,0
871,High Level,CA,58.5169,-117.136,2021-04-18 15:34:28,few clouds,32.0,80,6.91,20,0,0
872,Tingi,TZ,-11.3,35.0333,2021-04-18 15:34:29,light rain,61.56,94,2.01,95,0,0
873,Andenes,NO,69.3143,16.1194,2021-04-18 15:34:29,clear sky,48.2,53,14.97,0,0,0
874,Vallenar,CL,-28.5708,-70.7581,2021-04-18 15:34:30,clear sky,80.71,33,4.94,0,0,0
875,Sassandra,CI,4.95,-6.0833,2021-04-18 15:34:30,broken clouds,85.64,64,9.4,61,0,0
876,Northam,GB,51.0333,-4.2167,2021-04-18 15:34:30,broken clouds,55.99,50,3.0,70,0,0
877,Makurdi,NG,7.7411,8.5121,2021-04-18 15:34:31,overcast clouds,94.93,41,5.5,100,0,0
878,Walvis Bay,NA,-22.9575,14.5053,2021-04-18 15:34:31,few clouds,96.8,20,12.66,20,0,0
879,Kabelvåg,NO,68.2114,14.4817,2021-04-18 15:34:32,clear sky,50.0,50,10.36,0,0,0
880,Voh,NC,-20.9667,164.7,2021-04-18 15:34:32,scattered clouds,71.28,89,4.05,31,0,0
881,Gumia,IN,23.7833,85.8167,2021-04-18 15:34:32,clear sky,88.61,16,5.82,3,0,0
882,Aketi,CD,2.7388,23.7833,2021-04-18 15:34:33,overcast clouds,78.13,82,0.98,91,0,0
883,Inuvik,CA,68.3499,-133.7218,2021-04-18 15:34:33,scattered clouds,35.6,55,3.44,46,0,0
884,Leshukonskoye,RU,64.8989,45.7622,2021-04-18 15:34:34,broken clouds,30.16,67,2.04,57,0,0
885,Mpulungu,ZM,-8.7623,31.1141,2021-04-18 15:34:34,overcast clouds,73.4,72,11.12,91,0,0
886,Samarai,PG,-10.6167,150.6667,2021-04-18 15:34:35,overcast clouds,82.47,78,9.62,97,0,0
887,Emerald,AU,-23.5333,148.1667,2021-04-18 15:34:35,clear sky,66.2,48,12.66,0,0,0
888,Hanstholm,DK,57.1167,8.6167,2021-04-18 15:34:36,clear sky,57.0,62,8.01,5,0,0
889,Tondano,ID,1.3038,124.9112,2021-04-18 15:34:36,few clouds,75.2,94,1.14,20,0,0
890,Catuday,PH,16.2923,119.8062,2021-04-18 15:34:36,broken clouds,80.6,71,3.31,78,0,0
891,Oleksandrivka,UA,46.8383,32.7612,2021-04-18 15:34:37,clear sky,59.0,44,2.24,0,0,0
892,Hornepayne,CA,49.2138,-84.7705,2021-04-18 15:34:37,broken clouds,48.45,35,5.41,65,0,0
893,Pāsighāt,IN,28.0667,95.3333,2021-04-18 15:34:38,overcast clouds,71.42,73,5.53,86,0,0
894,Sechura,PE,-5.5569,-80.8222,2021-04-18 15:34:38,few clouds,78.08,60,4.56,18,0,0
895,Kasane,BW,-17.8167,25.15,2021-04-18 15:34:39,clear sky,77.0,41,11.5,0,0,0
896,Portree,GB,57.4129,-6.1942,2021-04-18 15:34:39,overcast clouds,46.99,88,15.99,100,0,0
897,Cowra,AU,-33.8333,148.6833,2021-04-18 15:34:39,clear sky,43.0,66,2.46,2,0,0
898,Mashhad,IR,36.297,59.6062,2021-04-18 15:34:40,clear sky,69.8,35,6.91,0,0,0
899,Pokrovskoye,RU,47.4157,38.8971,2021-04-18 15:34:40,overcast clouds,50.58,75,6.29,89,0,0
900,Kallaste,EE,58.655,27.1592,2021-04-18 15:34:41,clear sky,62.01,25,12.66,1,0,0
901,Santo Ângelo,BR,-28.2992,-54.2631,2021-04-18 15:34:41,clear sky,77.0,57,11.5,0,0,0
902,Zhigalovo,RU,54.8097,105.1578,2021-04-18 15:34:41,overcast clouds,24.73,85,2.84,100,0,0
903,Eldorado,BR,-23.7869,-54.2836,2021-04-18 15:34:42,clear sky,85.96,37,1.83,0,0,0
904,Dergachi,RU,51.2328,48.7659,2021-04-18 15:34:42,overcast clouds,55.47,75,11.3,100,0,0
905,Songjianghe,CN,42.1859,127.479,2021-04-18 15:34:43,clear sky,35.8,62,5.93,0,0,0
906,Mpika,ZM,-11.8343,31.4529,2021-04-18 15:32:11,broken clouds,57.07,95,5.28,69,0,0
907,Quelimane,MZ,-17.8786,36.8883,2021-04-18 15:32:22,light rain,78.01,69,9.22,40,0,0
908,Mosina,PL,52.2454,16.8471,2021-04-18 15:34:43,few clouds,57.99,54,6.91,20,0,0
909,Beyneu,KZ,45.3167,55.2,2021-04-18 15:34:44,overcast clouds,72.16,24,10.11,100,0,0
910,Chauk,MM,20.8833,94.8167,2021-04-18 15:34:44,scattered clouds,89.24,38,11.9,25,0,0
911,Khanu Woralaksaburi,TH,16.0617,99.8606,2021-04-18 15:34:45,moderate rain,79.93,72,2.64,72,0,0
912,San Miguelito,PA,9.0333,-79.5,2021-04-18 15:34:45,scattered clouds,84.2,74,2.3,40,0,0
913,Yazman,PK,29.1212,71.7446,2021-04-18 15:34:45,broken clouds,91.27,12,8.39,67,0,0
914,Tarbert,GB,55.8628,-5.4162,2021-04-18 15:34:46,overcast clouds,51.01,93,16.11,90,0,0
915,Goulouré,BF,12.2306,-1.9289,2021-04-18 15:34:46,clear sky,104.0,22,6.91,0,0,0
916,Senno,RU,59.5336,33.9167,2021-04-18 15:34:47,overcast clouds,54.0,42,8.99,100,0,0
917,Kroonstad,ZA,-27.6504,27.2349,2021-04-18 15:34:47,clear sky,64.96,35,5.32,0,0,0
918,La Serena,CL,-29.9078,-71.2542,2021-04-18 15:34:48,overcast clouds,57.2,88,2.3,90,0,0
919,Hervey Bay,AU,-25.2986,152.8535,2021-04-18 15:34:48,clear sky,64.0,85,4.0,0,0,0
920,Bima,ID,-8.4667,118.7167,2021-04-18 15:34:49,overcast clouds,74.97,92,3.94,100,0,0
921,Ciudad Bolivar,VE,8.1222,-63.5497,2021-04-18 15:31:11,overcast clouds,90.72,41,13.31,99,0,0
922,Caconda,AO,-13.7333,15.0667,2021-04-18 15:34:49,scattered clouds,73.72,53,2.66,30,0,0
923,Tupelo,US,34.2576,-88.7034,2021-04-18 15:34:50,clear sky,60.8,55,5.75,1,0,0
924,Neuquén,AR,-38.9516,-68.0591,2021-04-18 15:34:50,clear sky,69.8,73,2.3,0,0,0
925,Borovoy,RU,55.4333,86.0833,2021-04-18 15:34:51,light rain,33.8,86,8.95,40,0,0
926,Väike-Maarja,EE,59.1264,26.25,2021-04-18 15:34:51,clear sky,49.05,57,9.17,0,0,0
927,Kuito,AO,-12.3833,16.9333,2021-04-18 15:34:51,broken clouds,68.81,66,3.78,70,0,0
928,Oudtshoorn,ZA,-33.5907,22.2014,2021-04-18 15:34:52,clear sky,87.8,23,6.91,0,0,0
929,Darlawn,IN,24.0167,92.9,2021-04-18 15:34:52,broken clouds,64.11,90,3.96,81,0,0
930,Koulamoutou,GA,-1.1303,12.4736,2021-04-18 15:34:53,light rain,82.2,78,1.54,100,0,0
931,Songyang,CN,34.4553,113.0281,2021-04-18 15:30:20,clear sky,54.28,62,5.19,1,0,0
932,Rincon,US,32.296,-81.2354,2021-04-18 15:34:54,broken clouds,69.8,73,6.91,75,0,0
933,Birao,CF,10.2849,22.7882,2021-04-18 15:34:54,clear sky,99.9,6,1.41,4,0,0
934,Majene,ID,-3.5403,118.9707,2021-04-18 15:34:54,overcast clouds,77.72,85,2.62,100,0,0
935,Saint Johnsbury,US,44.4192,-72.0151,2021-04-18 15:34:55,overcast clouds,45.0,65,5.84,98,0,0
936,Sochi,RU,43.6,39.7303,2021-04-18 15:34:56,light rain,64.4,68,4.47,90,0,0
937,Pemberton,CA,50.3164,-122.8027,2021-04-18 15:30:00,broken clouds,39.99,79,1.7,70,0,0
938,Sheridan,US,44.8333,-106.9173,2021-04-18 15:34:56,clear sky,55.99,37,12.66,1,0,0
939,Malakal,SS,9.5334,31.6605,2021-04-18 15:34:57,broken clouds,100.27,14,4.0,55,0,0
940,Fomboni,KM,-12.28,43.7425,2021-04-18 15:34:57,few clouds,82.27,73,15.61,20,0,0
941,Issa,RU,53.8705,44.8578,2021-04-18 15:34:57,overcast clouds,45.7,86,4.09,100,0,0
942,Solnechnyy,RU,50.7214,136.6319,2021-04-18 15:34:58,overcast clouds,36.68,92,4.43,97,0,0
943,Wana,PK,32.2989,69.5725,2021-04-18 15:34:58,clear sky,66.07,52,1.54,7,0,0
944,Japura,ID,-0.3167,102.35,2021-04-18 15:34:59,overcast clouds,75.36,92,1.74,96,0,0
945,Nyrob,RU,60.733,56.7202,2021-04-18 15:34:59,broken clouds,26.38,77,4.7,62,0,0
946,Krasnokamensk,RU,50.0979,118.0369,2021-04-18 15:34:59,clear sky,34.21,38,19.46,0,0,0
947,Viedma,AR,-40.8135,-62.9967,2021-04-18 15:35:00,overcast clouds,71.11,72,17.96,99,0,0
948,Listvyanka,RU,51.8535,104.8693,2021-04-18 15:35:00,clear sky,33.8,34,4.47,0,0,0
949,Linxia Chengguanzhen,CN,35.6003,103.2064,2021-04-18 15:31:17,scattered clouds,56.43,57,2.64,39,0,0
950,Chapeltown,GB,53.4651,-1.4722,2021-04-18 15:35:01,broken clouds,57.99,36,5.12,84,0,0
951,Kifrī,IQ,34.6959,44.9661,2021-04-18 15:35:01,scattered clouds,82.78,22,10.42,48,0,0
952,Egvekinot,RU,66.3167,-179.1667,2021-04-18 15:35:02,snow,24.01,97,10.45,100,0,0
953,Oranjestad,AW,12.524,-70.027,2021-04-18 15:35:02,scattered clouds,86.0,66,24.16,40,0,0
954,Borodino,RU,55.9106,94.8983,2021-04-18 15:35:03,overcast clouds,29.75,86,7.54,100,0,0
955,Kui Buri,TH,12.0828,99.8543,2021-04-18 15:35:03,overcast clouds,86.0,66,4.36,94,0,0
956,Imbituba,BR,-28.24,-48.6703,2021-04-18 15:35:04,overcast clouds,69.8,88,11.5,90,0,0
957,Ogdensburg,US,44.6942,-75.4863,2021-04-18 15:35:04,scattered clouds,53.6,66,4.61,40,0,0
958,Santoña,ES,43.4439,-3.4576,2021-04-18 15:35:04,clear sky,59.0,67,11.5,0,0,0
959,Kayerkan,RU,69.3497,87.7602,2021-04-18 15:35:05,broken clouds,-17.61,99,2.98,69,0,0
960,Homer,US,59.6425,-151.5483,2021-04-18 15:32:03,clear sky,43.0,61,4.61,1,0,0
961,Point Pedro,LK,9.8167,80.2333,2021-04-18 15:35:05,overcast clouds,83.61,77,14.29,85,0,0
962,Altamira,BR,-3.2033,-52.2064,2021-04-18 15:35:06,moderate rain,80.6,89,4.36,75,0,0
963,Anguillara Sabazia,IT,42.0875,12.2767,2021-04-18 15:35:06,moderate rain,48.99,93,13.8,75,0,0
964,Coahuayana Viejo,MX,18.7333,-103.6833,2021-04-18 15:35:07,clear sky,75.2,35,3.87,1,0,0
965,Placer,US,39.0666,-120.7677,2021-04-18 15:35:07,clear sky,66.99,25,1.01,0,0,0
966,Shache,CN,38.4167,77.2406,2021-04-18 15:35:08,light rain,65.41,29,15.28,100,0,0
967,Puerto Madero,MX,14.7208,-92.4215,2021-04-18 15:35:08,broken clouds,84.2,79,5.75,75,0,0
968,Nouakchott,MR,18.0858,-15.9785,2021-04-18 15:35:09,clear sky,98.6,11,10.36,0,0,0
969,Verkhnevilyuysk,RU,63.4453,120.3167,2021-04-18 15:35:09,overcast clouds,4.6,97,3.24,100,0,0
970,Sarakhs,IR,36.5449,61.1577,2021-04-18 15:35:10,overcast clouds,80.6,18,2.3,98,0,0
971,Denpasar,ID,-8.65,115.2167,2021-04-18 15:31:26,broken clouds,80.6,89,5.75,75,0,0
972,Kawalu,ID,-7.3817,108.2082,2021-04-18 15:35:10,overcast clouds,71.82,97,1.07,96,0,0
973,Poya,NC,-21.35,165.15,2021-04-18 15:35:11,broken clouds,72.64,86,3.83,52,0,0
974,Takaka,NZ,-40.85,172.8,2021-04-18 15:35:11,clear sky,55.0,86,1.99,3,0,0
975,Portland,US,45.5234,-122.6762,2021-04-18 15:31:37,clear sky,60.01,54,5.75,1,0,0
976,Arica,CL,-18.475,-70.3042,2021-04-18 15:35:12,overcast clouds,69.8,64,2.3,90,0,0
977,Ozernovskiy,RU,51.5,156.5167,2021-04-18 15:35:12,light snow,33.6,72,12.06,100,0,0
978,Athabasca,CA,54.7169,-113.2854,2021-04-18 15:35:13,overcast clouds,37.4,69,6.91,91,0,0
979,Strezhevoy,RU,60.7333,77.5889,2021-04-18 15:35:13,overcast clouds,14.0,52,8.95,90,0,0
980,Redmond,US,47.674,-122.1215,2021-04-18 15:33:39,broken clouds,59.0,50,3.0,65,0,0
981,Chibuto,MZ,-24.6867,33.5306,2021-04-18 15:35:14,scattered clouds,66.34,66,6.38,35,0,0
982,Gizo Government Station,SB,-8.103,156.8419,2021-04-18 15:35:14,broken clouds,83.1,69,1.14,84,0,0
983,Poso,ID,-1.3959,120.7524,2021-04-18 15:35:15,overcast clouds,79.0,72,4.27,100,0,0
984,Akdepe,TM,42.0551,59.3788,2021-04-18 15:35:15,clear sky,75.2,23,6.91,0,0,0
985,Maisach,DE,48.2167,11.2667,2021-04-18 15:35:17,broken clouds,44.01,70,6.91,75,0,0
986,Ben Gardane,TN,33.1378,11.2197,2021-04-18 15:35:17,scattered clouds,63.88,57,16.04,34,0,0
987,Nísia Floresta,BR,-6.0911,-35.2086,2021-04-18 15:35:18,light rain,84.2,70,14.97,75,0,0
988,Diplo,PK,24.4667,69.584,2021-04-18 15:35:18,broken clouds,87.24,45,15.59,73,0,0
989,Lufilufi,WS,-13.8745,-171.5986,2021-04-18 15:35:18,light rain,82.62,77,18.63,93,0,0
990,Sørland,NO,67.667,12.6934,2021-04-18 15:35:19,clear sky,48.2,61,10.36,0,0,0
991,Antofagasta,CL,-23.65,-70.4,2021-04-18 15:35:19,few clouds,73.0,72,10.36,20,0,0
992,Djibouti,DJ,11.5,42.5,2021-04-18 15:35:20,broken clouds,84.2,70,4.61,75,0,0
993,Amga,RU,60.8953,131.9608,2021-04-18 15:35:20,overcast clouds,22.48,85,8.19,100,0,0
994,Alice Springs,AU,-23.7,133.8833,2021-04-18 15:35:20,clear sky,48.2,57,4.61,0,0,0
995,Willowmore,ZA,-33.2926,23.4895,2021-04-18 15:35:21,clear sky,76.96,17,5.7,0,0,0
996,Inndyr,NO,67.0338,14.0276,2021-04-18 15:35:21,clear sky,53.6,40,10.36,0,0,0
997,Anzio,IT,41.4853,12.6179,2021-04-18 15:35:22,moderate rain,54.0,85,4.0,90,0,0
998,Baruun-Urt,MN,46.6806,113.2792,2021-04-18 15:35:22,scattered clouds,43.59,31,14.99,32,0,0
999,Villazón,BO,-22.0866,-65.5942,2021-04-18 15:35:22,clear sky,56.39,39,2.98,2,0,0
1000,Lamar,US,33.6668,-95.5836,2021-04-18 15:35:23,clear sky,59.0,71,9.22,1,0,0
1001,Conakry,GN,9.538,-13.6773,2021-04-18 15:35:24,few clouds,87.8,62,13.8,20,0,0
1002,Ust'-Kut,RU,56.7938,105.7672,2021-04-18 15:35:24,overcast clouds,21.4,88,3.06,100,0,0
1003,Kuliyapitiya,LK,7.4688,80.0401,2021-04-18 15:35:24,few clouds,84.2,74,9.22,20,0,0
1004,Ibrā’,OM,22.6906,58.5334,2021-04-18 15:35:25,overcast clouds,89.96,10,10.02,98,0,0
1005,Berezovyy,RU,51.6667,135.7,2021-04-18 15:35:25,broken clouds,37.24,95,3.13,78,0,0
1006,Menongue,AO,-14.6585,17.691,2021-04-18 15:35:26,few clouds,73.22,49,5.64,21,0,0
1007,Kjøllefjord,NO,70.9457,27.3465,2021-04-18 15:35:26,clear sky,41.0,65,12.66,0,0,0
1008,Saint-Raphaël,HT,19.4333,-72.2,2021-04-18 15:35:27,clear sky,90.39,30,4.61,2,0,0
1009,Synya,RU,65.3718,58.0387,2021-04-18 15:35:27,overcast clouds,15.15,92,2.89,94,0,0
1010,Malumfashi,NG,11.7853,7.6218,2021-04-18 15:33:11,overcast clouds,100.09,12,6.44,99,0,0
1011,Sterling,US,39.0062,-77.4286,2021-04-18 15:35:28,few clouds,62.01,47,8.05,20,0,0
1012,Black River,JM,18.0264,-77.8487,2021-04-18 15:35:28,few clouds,84.2,65,12.66,20,0,0
1013,Flin Flon,CA,54.7682,-101.865,2021-04-18 15:35:28,scattered clouds,24.8,63,9.22,40,0,0
1014,Firminópolis,BR,-16.5819,-50.305,2021-04-18 15:35:29,clear sky,83.35,52,4.0,0,0,0
1015,Strunga,RO,47.1667,26.9833,2021-04-18 15:35:29,overcast clouds,54.0,61,4.0,100,0,0
1016,Lucapa,AO,-8.4192,20.7447,2021-04-18 15:35:30,light rain,75.15,77,3.78,58,0,0
1017,Santo Antônio,BR,-6.3106,-35.4789,2021-04-18 15:35:30,broken clouds,84.2,70,14.97,75,0,0
1018,Boo,SE,59.3333,18.2833,2021-04-18 15:35:30,clear sky,53.6,30,10.36,0,0,0
1019,Galveston,US,29.3669,-94.9669,2021-04-18 15:35:31,clear sky,59.0,67,18.41,1,0,0
1020,Kolokani,ML,13.5728,-8.0339,2021-04-18 15:35:31,overcast clouds,103.55,10,7.54,93,0,0
1021,Roebourne,AU,-20.7833,117.1333,2021-04-18 15:35:32,clear sky,80.6,55,4.43,0,0,0
1022,Batangafo,CF,7.3008,18.2833,2021-04-18 15:35:32,overcast clouds,88.12,43,8.25,100,0,0
